anime	anime	33
business	business	40
CFB	CFB	198
worldpolitics	worldpolitics	25
GrandTheftAutoV	GrandTheftAutoV	2
TumblrInAction	TumblrInAction	6
apple	apple	654
battlefield_4	battlefield_4	8
subaru	subaru	4
AngieVaronaLegal	AngieVaronaLegal	1
Jeep	Jeep	1
houston	houston	15
GTAV	GTAV	18
AskHistorians	AskHistorians	152
shortscarystories	shortscarystories	4
runescape	runescape	67
dogemarket	dogemarket	4
soccer	soccer	12
motorcycles	motorcycles	71
OutOfTheLoop	OutOfTheLoop	59
Physics	Physics	1
crafts	crafts	4
cordcutters	cordcutters	7
Scotch	Scotch	2
againstmensrights	againstmensrights	2
theydidthemath	theydidthemath	8
photography	photography	29
cigars	cigars	94
cosplay	cosplay	2
changemyview	changemyview	61
announcements	announcements	14
ketorecipes	ketorecipes	2
FIFA	FIFA	11
Filmmakers	Filmmakers	52
Anarcho_Capitalism	Anarcho_Capitalism	3
toronto	toronto	11
Drugs	Drugs	178
gardening	gardening	122
Paleo	Paleo	1
classicalmusic	classicalmusic	1
FanTheories	FanTheories	74
WeAreTheMusicMakers	WeAreTheMusicMakers	11
ForeverAlone	ForeverAlone	3
GirlGamers	GirlGamers	1
PoliticalHumor	PoliticalHumor	2
linux	linux	73
KerbalSpaceProgram	KerbalSpaceProgram	1
WildStar	WildStar	2
Cyberpunk	Cyberpunk	5
Fitness	Fitness	192
Scotland	Scotland	7
xboxone	xboxone	42
CrusaderKings	CrusaderKings	2
2007scape	2007scape	20
GlobalOffensive	GlobalOffensive	2
books	books	1
TrueDetective	TrueDetective	353
yugioh	yugioh	3
geek	geek	38
ClashOfClans	ClashOfClans	3
sex	sex	190
gaymers	gaymers	29
Borderlands2	Borderlands2	1
seinfeld	seinfeld	1
progun	progun	1
TagPro	TagPro	10
mylittlepony	mylittlepony	1
CollegeBasketball	CollegeBasketball	9
IAmA	IAmA	13
gaybros	gaybros	4
AnimalCrossing	AnimalCrossing	1
sports	sports	21
snowboarding	snowboarding	6
dogecoin	dogecoin	1071
reddCoin	reddCoin	2
batman	batman	5
syriancivilwar	syriancivilwar	2
twitchplayspokemon	twitchplayspokemon	10
AmericanHorrorStory	AmericanHorrorStory	2
TalesFromRetail	TalesFromRetail	9
Austin	Austin	63
cars	cars	42
paradoxplaza	paradoxplaza	14
startrek	startrek	56
investing	investing	3
offbeat	offbeat	27
ProgrammerHumor	ProgrammerHumor	1
secretsanta	secretsanta	15
HouseOfCards	HouseOfCards	874
boardgames	boardgames	61
Hunting	Hunting	2
india	india	601
malefashionadvice	malefashionadvice	16
parrots	parrots	10
drunk	drunk	62
fatpeoplestories	fatpeoplestories	8
smashbros	smashbros	420
classic4chan	classic4chan	8
popping	popping	1
lifehacks	lifehacks	23
GetMotivated	GetMotivated	28
ainbow	ainbow	25
socialism	socialism	7
exmormon	exmormon	56
totalwar	totalwar	15
uglyduckling	uglyduckling	8
OkCupid	OkCupid	124
skiing	skiing	6
Autos	Autos	3
BabyBumps	BabyBumps	104
kpop	kpop	1
Libertarian	Libertarian	40
gamedev	gamedev	13
chicago	chicago	21
vita	vita	23
trailerparkboys	trailerparkboys	2
DCcomics	DCcomics	142
legaladvice	legaladvice	2
Military	Military	1
Dachshund	Dachshund	2
movies	movies	1
MapPorn	MapPorn	2
shorthairedhotties	shorthairedhotties	8
skeptic	skeptic	15
dataisbeautiful	dataisbeautiful	351
community	r	5
furry	furry	6
bjj	bjj	56
pettyrevenge	pettyrevenge	23
fatlogic	fatlogic	53
dbz	dbz	1
Marvel	Marvel	12
iphone	iphone	190
raspberry_pi	raspberry_pi	3
running	running	126
trees	trees	9
montageparodies	montageparodies	71
sewing	sewing	5
Cooking	Cooking	456
behindthegifs	behindthegifs	7
ArcherFX	ArcherFX	5
TopGear	TopGear	19
seduction	seduction	6
woodworking	woodworking	1
windowsphone	windowsphone	32
no_sob_story	no_sob_story	1
southpark	southpark	10
onetruegod	onetruegod	280
elderscrollsonline	elderscrollsonline	16
playrust	playrust	7
rpg	rpg	6
airsoft	airsoft	84
wow	wow	18
femalefashionadvice	femalefashionadvice	2
AndroidGaming	AndroidGaming	2
britishproblems	britishproblems	112
boston	boston	1
Conservative	Conservative	1
spaceporn	spaceporn	1
Sherlock	Sherlock	12
IWantToLearn	IWantToLearn	2
offmychest	offmychest	38
MLS	MLS	11
dayz	dayz	137
learnprogramming	learnprogramming	6
Punny	Punny	2
Braveryjerk	Braveryjerk	29
EatCheapAndHealthy	EatCheapAndHealthy	5
dogemining	dogemining	2
reddevils	reddevils	19
thelastofus	thelastofus	3
FancyFollicles	FancyFollicles	3
relationship_advice	relationship_advice	13
LosAngeles	LosAngeles	15
EDC	EDC	82
That70sshow	That70sshow	14
buildapc	buildapc	113
00004000hcfactions	hcfactions	1
firstworldproblems	firstworldproblems	12
depression	depression	19
rage	rage	1
tomhiddleston	tomhiddleston	1
zelda	zelda	9
Eve	Eve	15
Supernatural	Supernatural	1
titanfall	titanfall	177
notinteresting	notinteresting	20
thewalkingdead	thewalkingdead	14
keto	keto	62
coys	coys	1
asoiaf	asoiaf	305
lego	lego	17
lgbt	lgbt	128
NetflixBestOf	NetflixBestOf	108
vertcoin	vertcoin	2
slowcooking	slowcooking	17
knitting	knitting	46
civ	civ	142
baseball	baseball	31
daddit	daddit	2
teenagers	teenagers	2
whatisthisthing	whatisthisthing	1
Coffee	Coffee	7
explainlikeimfive	explainlikeimfive	1
Pareidolia	Pareidolia	1
PandR	PandR	20
hcfactions	hcfactions	56
dadjokes	dadjokes	22
TheBluePill	TheBluePill	2
Sneakers	Sneakers	15
MensRights	MensRights	103
chicagobulls	chicagobulls	1
Rabbits	Rabbits	99
texas	texas	10
sysadmin	sysadmin	42
nyc	nyc	29
vegan	vegan	2
loseit	loseit	1420
Meditation	Meditation	6
roosterteeth	roosterteeth	15
Frugal_Jerk	Frugal_Jerk	3
hiphopheads	hiphopheads	4
pathofexile	pathofexile	1
personalfinance	personalfinance	137
wallpapers	wallpapers	4
food	food	14
FiftyFifty	FiftyFifty	2
bestof	bestof	1
pokemonzetaomicron	pokemonzetaomicron	3
harrypotter	harrypotter	25
oddlysatisfying	oddlysatisfying	1
doge	doge	2
Homebrewing	Homebrewing	26
crochet	crochet	1
gamecollecting	gamecollecting	2
firefly	firefly	32
TrueReddit	TrueReddit	7
wicked_edge	wicked_edge	1
dogs	dogs	36
golf	golf	54
MMA	MMA	55
WarshipPorn	WarshipPorn	2
community	community	1351
fantasyfootball	fantasyfootball	118
darksouls	darksouls	1099
WritingPrompts	WritingPrompts	149
web_design	web_design	4
nextdoorasians	nextdoorasians	3
sweden	sweden	1
recipes	recipes	571
Warhammer	Warhammer	1
formula1	formula1	16
tattoo	tattoo	5
Psychonaut	Psychonaut	4
NoFap	NoFap	69
KillLaKill	KillLaKill	1
DunderMifflin	DunderMifflin	6
asmr	asmr	13
pcgaming	pcgaming	8
philadelphia	philadelphia	6
Atlanta	Atlanta	32
raisedbynarcissists	raisedbynarcissists	9
Design	Design	20
LetsNotMeet	LetsNotMeet	1
london	london	12
redditgetsdrawn	redditgetsdrawn	2
electronic_cigarette	electronic_cigarette	3
psychology	psychology	5
badhistory	badhistory	23
itookapicture	itookapicture	15
math	math	50
gif	gif	6
aww	aww	1
whowouldwin	whowouldwin	14
amiugly	amiugly	6
Guildwars2	Guildwars2	30
wiiu	wiiu	389
SquaredCircle	SquaredCircle	10
aviation	aviation	4
Volkswagen	Volkswagen	1
CrazyIdeas	CrazyIdeas	396
progresspics	progresspics	4
pokemon	pokemon	12
xxfitness	xxfitness	1
entertainment	entertainment	4
IASIP	IASIP	8
RedditDayOf	RedditDayOf	4
Feminism	Feminism	1
Gunners	Gunners	101
Terraria	Terraria	6
atheismrebooted	atheismrebooted	1
Bitcoin	Bitcoin	26
UpliftingNews	UpliftingNews	12
corgi	corgi	5
TheLastAirbender	TheLastAirbender	7
minimalism	minimalism	8
truegaming	truegaming	138
Warframe	Warframe	8
talesfromtechsupport	talesfromtechsupport	22
hockey	hockey	53
Warthunder	Warthunder	19
52weeksofcooking	52weeksofcooking	3
AskScienceFiction	AskScienceFiction	2
AlisonBrie	AlisonBrie	1
Parenting	Parenting	19
islam	islam	8
Steam	Steam	32
Cricket	Cricket	29
oculus	oculus	19
longboarding	longboarding	1
Seattle	Seattle	3
OldSchoolCool	OldSchoolCool	2
TheSimpsons	TheSimpsons	1
swtor	swtor	1
steampunk	steampunk	2
tf2	tf2	38
shiba	shiba	1
tall	tall	56
masseffect	masseffect	5
conspiracy	conspiracy	52
ShitRedditSays	ShitRedditSays	47
canada	canada	46
LadyBoners	LadyBoners	1
scifi	scifi	26
Astronomy	Astronomy	3
arresteddevelopment	arresteddevelopment	10
quotes	quotes	12
DIY	DIY	181
tifu	tifu	73
lewronggeneration	lewronggeneration	4
PS4	PS4	48
futurama	futurama	16
olympics	olympics	232
nba	nba	15
mindcrack	mindcrack	6
drums	drums	6
confession	confession	6
StarWars	StarWars	17
LongDistance	LongDistance	1
Frugal	Frugal	251
travel	travel	3
see	see	2
shutupandtakemymoney	shutupandtakemymoney	5
italy	italy	3
howto	howto	10
casualiama	casualiama	19
soccercirclejerk	soccercirclejerk	8
HIMYM	HIMYM	82
halo	halo	9
beer	beer	17
showerbeer	showerbeer	3
LiverpoolFC	LiverpoolFC	1
HailCorporate	HailCorporate	4
HITsWorthTurkingFor	HITsWorthTurkingFor	2
gadgets	gadgets	46
DoesAnybodyElse	DoesAnybodyElse	14
Cynicalbrit	Cynicalbrit	1
perfectloops	perfectloops	2
freemasonry	freemasonry	4
minecraftsuggestions	minecraftsuggestions	8
Metal	Metal	3
Anarchism	Anarchism	1
ShinyPokemon	ShinyPokemon	1
CODGhosts	CODGhosts	2
NoStupidQuestions	NoStupidQuestions	28
AskReddit	AskReddit	17
nosleep	nosleep	757
Fantasy	Fantasy	40
melbourne	melbourne	2
Naruto	Naruto	26
comicbooks	comicbooks	29
jailbreak	jailbreak	7975
shittyaskscience	shittyaskscience	36
ffxiv	ffxiv	10
AskMen	AskMen	254
TwoXChromosomes	TwoXChromosomes	244
bicycling	bicycling	19
drawing	drawing	1
curlyhair	curlyhair	2
feedthebeast	feedthebeast	1
InternetIsBeautiful	InternetIsBeautiful	54
actuallesbians	actuallesbians	19
hearthstone	hearthstone	24
newzealand	newzealand	1
speedrun	speedrun	1
Fishing	Fishing	1
Music	Music	5
unitedkingdom	unitedkingdom	123
self	self	351
leagueoflegends	leagueoflegends	15
chemistry	chemistry	1
Smite	Smite	638
Random_Acts_Of_Amazon	Random_Acts_Of_Amazon	53
sanfrancisco	sanfrancisco	14
starbound	starbound	207
Bad_Cop_No_Donut	Bad_Cop_No_Donut	18
history	history	256
Rateme	Rateme	5
climbing	climbing	35
bodybuilding	bodybuilding	15
Yogscast	Yogscast	5
MURICA	MURICA	25
gameofthrones	gameofthrones	21
writing	writing	39
space	space	200
tappedout	tappedout	1
MeanJokes	MeanJokes	8
TrueAtheism	TrueAtheism	30
RandomActsofMakeup	RandomActsofMakeup	1
SkincareAddiction	SkincareAddiction	21
GunsAreCool	GunsAreCool	1
skyrim	skyrim	48
3DS	3DS	5
Cumberbitches	Cumberbitches	1
vexillology	vexillology	13
rugbyunion	rugbyunion	1
ProtectAndServe	ProtectAndServe	1
magicTCG	magicTCG	48
EmmaWatson	EmmaWatson	1
Christianity	Christianity	17
creepyPMs	creepyPMs	1
nononono	nononono	1
Documentaries	Documentaries	1
AnythingGoesNews	AnythingGoesNews	10
upvotegifs	upvotegifs	1
Planetside	Planetside	145
childfree	childfree	73
Bulldogs	Bulldogs	1
TheRedPill	TheRedPill	101
minnesotavikings	minnesotavikings	1
CityPorn	CityPorn	1
lotr	lotr	5
Jokes	Jokes	417
electronicmusic	electronicmusic	1
Marijuana	Marijuana	3
DotA2	DotA2	14
Civcraft	Civcraft	2
breakingbad	breakingbad	17
relationships	relationships	14
nintendo	nintendo	9
circlejerk	circlejerk	162
AntiJokes	AntiJokes	550
ireland	ireland	10
dwarffortress	dwarffortress	3
Baking	Baking	8
atheism	atheism	74
paydaytheheist	paydaytheheist	2
bourbon	bourbon	250
Whatcouldgowrong	Whatcouldgowrong	5
environment	environment	10
MLPLounge	MLPLounge	5
outside	outside	14
ShittyLifeProTips	ShittyLifeProTips	1
AskWomen	AskWomen	28
DnD	DnD	2
frugalmalefashion	frugalmalefashion	9
Futurology	Futurology	55
Guitar	Guitar	132
Art	Art	42
askscience	askscience	1
happy	happy	2
tipofmytongue	tipofmytongue	37
Frozen	Frozen	16
conspiratard	conspiratard	90
gamegrumps	gamegrumps	5
skateboarding	skateboarding	9
PKA	PKA	8
GameDeals	GameDeals	6
Games	Games	16
WhatsInThisThing	WhatsInThisThing	7
CCW	CCW	20
europe	europe	50
SubredditDrama	SubredditDrama	19
foodhacks	foodhacks	2
rickandmorty	rickandmorty	13
Seahawks	Seahawks	2
Android	Android	7
australia	australia	114
adventuretime	adventuretime	12
foxes	foxes	5
YouShouldKnow	YouShouldKnow	71
Romania	Romania	7
creepy	creepy	32
politics	politics	8
3amjokes	3amjokes	4
JoeRogan	JoeRogan	19
blog	blog	1
guns	guns	24
r4r	r4r	19
NBA2k	NBA2k	8
OnePiece	OnePiece	3
Showerthoughts	Showerthoughts	105
Battlefield	Battlefield	42
vinyl	vinyl	4
NASCAR	NASCAR	15
kpics	kpics	1
