funny	comicbooks	1
gifs	nonononoyes	1
vidoes	canada	1
gifs	upvotegifs	1
boston	dataisbeautiful	6
iosthemes	jailbreak	1
atheism	dataisbeautiful	1
walkingdead	GetMotivated	1
lifehacks	smashbros	1
technologyporn	spaceporn	10
lectures	Economics	1
baseball	PerfectTiming	1
wtf	bitchimabus	2
pics	dataisbeautiful	8
games	dataisbeautiful	2
politicalhumor	conspiratard	1
mac	shutupandtakemymoney	7
backchodi	india	1
gifs	oddlysatisfying	2
art	TrueDetective	1
gifs	Pareidolia	2
somewhere	dataisbeautiful	1
pureawesomeness	spaceporn	1
urbanplanning	dataisbeautiful	3
cringepics	conspiratard	3
boop	Rabbits	1
woahdude	perfectloops	1
evangelinelilly	Celebs	1
breadit	Cooking	4
videos	Austin	2
standupshots	childfree	1
wtf	nononono	1
tennis	dataisbeautiful	1
incredibleindia	india	1
jfk	OldSchoolCool	1
militaryporn	india	4
bollywood	india	1
iphonehelp	jailbreak	1
aww	corgi	1
alisonbrie	community	1
funny	StartledCats	2
photoshopbattles	onetruegod	3
my	oddlysatisfying	1
denver	conspiracy	3
inglin	conspiratard	1
pics	Pareidolia	2
upliftingnews	DCcomics	2
pics	conspiracy	1
facepalm	conspiratard	1
filmmakers	india	1
gifs	perfectloops	2
mellisaclarke	PrettyGirls	1
to	conspiratard	1
dataisbeautiful	InternetIsBeautiful	4
gaming	onetruegod	2
food	Cooking	1
adviceanimals	Punny	1
appletv	apple	2
wtf	creepyPMs	1
gifs	running	1
nexus4	gardening	1
bicycling	OldSchoolCool	3
comicbooks	TrueDetective	1
cryptocurrency	dogecoin	1
indianfood	Cooking	1
geology	dataisbeautiful	1
wastedgifs	AnimalsBeingDerps	1
pics	geek	1
portland	itookapicture	1
pics	onetruegod	4
trees	StonerEngineering	1
ferrets	PerfectTiming	3
aww	BabyBumps	1
funny	onetruegod	5
funny	Shitty_Car_Mods	1
damnthatsinteresting	space	1
baltimore	shutupandtakemymoney	4
beadsprites	darksouls	1
gifs	SquaredCircle	1
sex	dataisbeautiful	1
funny	MURICA	3
catreactiongifs	StartledCats	1
onononoyes	aviation	2
gifs	jailbreak	1
oldmaps	dataisbeautiful	8
loseit	LadyBoners	1
food	Pareidolia	1
adviceanimals	bourbon	2
privacy	conspiracy	1
funny	aww	1
space1920x1080	spaceporn	3
wisconsin	dataisbeautiful	2
4chan	atheism	1
gaming	runescape	1
funny	illusionporn	1
gifs	dogecoin	4
conspiracy	worldpolitics	7
doctorswithoutborders	india	1
dks	darksouls	1
inspectorspacetime	community	2
food	anime	1
fallout	upvotegifs	2
standupshots	conspiracy	2
cringe	OkCupid	1
ed	corgi	1
europe	dataisbeautiful	1
progresspics	loseit	1
baseball	dataisbeautiful	4
spygadgets	shutupandtakemymoney	6
gamephysics	skyrim	1
pics	LadyBoners	2
fitandnatural	sports	1
technology	dataisbeautiful	2
this	shorthairedhotties	2
programmerhumor	geek	2
worldnews	india	2
funny	GetMotivated	3
funny	KingOfTheHill	1
ukvideos	dataisbeautiful	2
astronomy	dataisbeautiful	1
aww	Rabbits	3
bleachshirts	KingOfTheHill	1
a	dataisbeautiful	1
everythingscience	dataisbeautiful	2
iwallpapers	jailbreak	2
exmormon	dataisbeautiful	3
webcomics	lgbt	1
germany	europe	4
movies	dataisbeautiful	1
seattle	dataisbeautiful	3
pandr	LadyBoners	1
funny	MensRights	4
energy	dataisbeautiful	1
pics	PerfectTiming	2
fitandnatural	gif	1
pics	wallpapers	1
basicincome	occupywallstreet	1
gifs	dataisbeautiful	8
food	slowcooking	1
nintendo	wiiu	1
fitness	InternetIsBeautiful	1
wtf	creepy	3
odditymall	shutupandtakemymoney	42
pcmasterrace	shutupandtakemymoney	1
arresteddevelopment	dataisbeautiful	4
woahdude	PerfectTiming	1
iphone	jailbreak	1
nyc	dataisbeautiful	2
socialism	conspiracy	3
cringe	conspiratard	1
funny	australia	1
news	Frugal	2
imaginarystarscapes	spaceporn	1
atheism	Punny	1
msx	gamecollecting	1
colorization	OldSchoolCool	1
ukhistory	dataisbeautiful	4
damnthatsinteresting	oddlysatisfying	1
gifs	MMA	2
woahdude	Filmmakers	1
soccer	dataisbeautiful	1
wtf	illusionporn	1
rohingya	worldpolitics	3
ios7	jailbreak	3
baseball	onetruegod	1
funny	trailerparkboys	2
gifs	bourbon	2
wallpaper	wallpapers	1
gifs	community	2
nfl	dataisbeautiful	3
gaming	darksouls	1
mildlyinteresting	dataisbeautiful	1
customsmash	smashbros	1
games	truegaming	1
locationsound	dataisbeautiful	4
funnyanimals	videos	1
technology	apple	2
dota2	montageparodies	2
gifs	StartledCats	1
mapporn	dataisbeautiful	2
books	shutupandtakemymoney	4
gaming	titanfall	2
funny	actuallesbians	1
aww	Ladybonersgonecuddly	1
pics	shutupandtakemymoney	7
gifs	EmmaWatson	1
gardenersgonewild	gardening	1
aquaponics	gardening	1
funny	hockey	1
keto	loseit	1
videos	AntiJokes	1
via	europe	1
pics	illusionporn	1
funny	community	5
aviation	india	1
funny	harrypotter	1
funny	TheSimpsons	1
trees	vexillology	5
videos	conspiracy	1
thomasthedankengine	community	1
makeupaddiction	onetruegod	1
ssbpm	smashbros	1
succulents	gardening	1
pics	DesignPorn	1
babyelephantgifs	AnimalsBeingDerps	1
dayz	dataisbeautiful	5
fantasypl	dataisbeautiful	1
gifs	space	1
conspirators	worldpolitics	22
okcupid	MensRights	1
