funny	HIFW
funny	reactiongifs
funny	politicalhumor
funny	doesanybodyelse
funny	adviceanimals
funny	fffffffuuuuuuuuuuuu
funny	Demotivational
funny	ecards
funny	standupshots
funny	facepalm
funny	facebookwins
funny	retorted
funny	tumblr
funny	twitter
funny	texts
funny	4chan
funny	omegle
funny	cleverbot
funny	yahooanswers
funny	screenshots
funny	politicalhumor
funny	demotivational
funny	ecards
funny	bestof
funny	defaultgems
funny	HIFW
funny	MFW
funny	reactiongifs
funny	fffffffuuuuuuuuuuuu
funny	CardsAgainstHumanity
funny	humor
funny	tumblr
funny	NSFWFunny
funny	comics
funny	punny
funny	lolcats
funny	wheredidthesodago
funny	lol
funny	facepalm
funny	reactiongifs
funny	shittyaskscience
funny	screenshots
funny	nononono
funny	UnnecessaryCensorship
funny	meanjokes
funny	standupshots
funny	startledcats
funny	AnimalsBeingJerks
funny	Unexpected
funny	bertstrips
funny	instant_regret
funny	WellThatSucks
AskReddit	Ideasforaskreddit
AskReddit	findareddit
AskReddit	tipofmytongue
pics	gif
pics	gifs
pics	reactiongifs
pics	comics
pics	webcomics
pics	comicbookart
pics	lolcats
pics	screenshots
pics	AdviceAnimals
pics	desktops
pics	Demotivational
pics	facepalm
pics	memes
pics	images
pics	wallpaper
pics	aww
pics	wallpapers
pics	cats
pics	foxes
pics	dogpictures
pics	sloths
pics	photography
pics	AnythingGoesPics
pics	photocritique
pics	images
pics	itookapicture
pics	misc
pics	windowshots
pics	PictureChallenge
pics	reactiongifs
pics	NationalPhotoSubs
pics	gifs
pics	HighQualityGifs
pics	picrequests
pics	pic
pics	ProgressPics
pics	crossview
todayilearned	wikipedia
todayilearned	Wikipedia
todayilearned	HowTo
worldnews	News
worldnews	PoliticalDiscussion
worldnews	WorldPolitics
worldnews	WorldEvents
worldnews	GeoPolitics
worldnews	InternationalPolitics
worldnews	InternationalBusiness
worldnews	Business
worldnews	Economics
worldnews	Environment
worldnews	History
worldnews	WikiLeaks
worldnews	HumanRights
worldnews	NSALeaks
worldnews	doctorswithoutborders
worldnews	Features
worldnews	UpliftingNews
worldnews	globalhealth
worldnews	modded
worldnews	NewsOfTheWeird
worldnews	Insidernews
worldnews	Politics
worldnews	USA
worldnews	USANews
worldnews	Canada
worldnews	Cuba
worldnews	Mexico
worldnews	PuertoRico
worldnews	Brazil
worldnews	Chile
worldnews	Colombia
worldnews	vzla
worldnews	Armenia
worldnews	BiH
worldnews	Denmark
worldnews	Euromaidan
worldnews	Europe
worldnews	France
worldnews	Germany
worldnews	Ireland
worldnews	Italy
worldnews	TheNetherlands
worldnews	Poland
worldnews	Portugal
worldnews	Romania
worldnews	Russia
worldnews	Scotland
worldnews	Serbia
worldnews	Sweden
worldnews	Switzerland
worldnews	UnitedKingdom
worldnews	UKPolitics
worldnews	Ukraina
worldnews	ukraine
worldnews	UkrainianConflict
worldnews	Afghanistan
worldnews	India
worldnews	IndiaNews
worldnews	NorthKoreaNews
worldnews	Pakistan
worldnews	Philippines
worldnews	Singapore
worldnews	Iran
worldnews	Iraq
worldnews	Israel
worldnews	kurdistan
worldnews	LevantineWar
worldnews	MiddleEastNews
worldnews	MideastPeace
worldnews	Palestine
worldnews	Syria
worldnews	SyrianCivilWar
worldnews	Turkey
worldnews	Africa
worldnews	Australia
worldnews	NewZealand
worldnews	Westpapua
worldnews	worldnews#ch
worldnews	worldnews#www
worldnews	worldnews#ii
worldnews	worldnews#www
worldnews	worldnews#nu
worldnews	worldnews#www
worldnews	worldnews#ni
worldnews	worldnews#www
worldnews	worldnews#iu
worldnews	worldnews#www
