,id,name,url_id
0,1,http://gmail.com/,3
1,2,https://github.com/,35
2,5,http://localhost/,165
3,7,https://google.com/webhp,38
4,15,https://twitter.com/,1004
5,20,https://github.com/morganecf,921
6,25,http://jenkins.hq.datarobot.com/,1882
7,29,http://maps.google.com/,2082
8,34,https://docs.google.com/document/d/1dxCOMzb8Zbh_MmUWkSR7MBGf-bf_iHY1hzD2b3vtXco/edit,128
9,39,https://datarobot.atlassian.net/wiki/display/DR/Learning+Resources,2308
10,41,http://facebook.com/,2551
11,45,https://github.com/datarobot/DataRobot/,2733
12,46,http://youtube.com/,2846
13,48,http://messenger.com/,2861
14,50,http://dcu.org/,2686
15,51,https://lodash.com/docs,193
16,56,https://github.com/datarobot/DataRobot,199
17,57,http://visualisingdata.com/,4750
18,61,http://flatuicolorpicker.com/,1865
19,62,https://github.com/morganecf/data-viz,924
20,63,https://google.com/_/chrome/newtab,5343
21,67,http://10.20.53.82/debug/clip.html,5847
22,77,http://datarobot.com/,6247
23,87,https://linkedin.com/,6887
24,88,http://rpsychologist.com/,7158
25,96,http://ui-library.deis.dev.hq.datarobot.com/,7223
26,113,http://urbandictionary.com/,8750
27,119,https://amazon.com/,9371
28,121,https://docs.google.com/document/d/1VUsa6GCNiq97hQ1pdpv5A_aiivEAxrQQzaRsrcX1H1A/edit,7840
29,128,http://app.datarobot.com/,10706
30,135,http://staging.datarobot.com/,11489
31,146,https://datarobot.atlassian.net/wiki/,11593
32,147,https://datarobot.atlassian.net/wiki/display/ENG/Chart+Improvements,7695
33,151,https://staging.datarobot.com/,11490
34,160,http://datasets.co/,7339
35,161,https://datarobot.atlassian.net/,1632
36,162,https://github.com/datarobot/DataRobot/branches/yours,2933
37,168,https://github.com/datarobot/DataRobot/branches,1280
38,172,http://epochconverter.com/,14039
39,179,https://drive.google.com/drive/u/1/my-drive,1412
40,206,http://jenkins.docs.hq.datarobot.com/jenkins_pr.html,16284
41,207,https://medium.com/,17498
42,213,https://calendar.google.com/calendar/b/1/,18025
43,216,http://blockbuilder.org/search,18160
44,222,http://slatestarcodex.com/,1922
45,227,http://slatestarcodex.com/archives/,19200
46,234,https://mail.google.com/mail/u/1,68
47,237,http://weather.com/,19991
48,248,http://thomaswhitehead.com/noter,21308
49,255,https://app.datarobot.com/docs/,21922
50,257,https://datarobot.atlassian.net/browse/,22055
51,261,https://netflix.com/,22028
52,269,https://2p8.ent.datarobot.com/,18367
53,276,http://philogb.github.io/,23193
54,293,https://app.officevibe.com/survey,16775
55,295,https://datarobot.atlassian.net/wiki/display/MMS/,25012
56,303,http://tetw.org/,25265
57,305,https://dcu.org/,2685
58,312,http://polygraph.cool/,26686
59,316,https://openvisconf.com/,2016
60,319,https://docs.google.com/document/d/1wc40c9lvmxV-QJItIszjDMf5G4Lag774ogjMpC7PxWI/edit,25844
61,322,https://datarobot.atlassian.net/browse/DR-9005,27504
62,323,http://calendar.google.com/calendar/,81
63,327,https://datarobot.atlassian.net/wiki/display/ENG/Product+Building+Machine,26993
64,330,https://datarobot.atlassian.net/wiki/display/ENG/Reason+Code+for+Predictions,24083
65,334,http://calendar.google.com/calendar/b/0,30536
66,338,https://github.com/datarobot/DataRobot/pull/10823,30416
67,339,https://docs.google.com/document/d/1e3hWnMtwUb4_PI2iHWSwB9Z1I6d70qe7IS0FfAxvUvw/edit,29624
68,340,https://github.com/datarobot/DataRobot/pull/10906,31007
69,344,https://datarobot.atlassian.net/browse/MMSQUAD-398,30194
70,345,https://datarobot.atlassian.net/browse/MMSQUAD-402,30213
71,348,http://stackoverflow.com/,32453
72,349,https://drive.google.com/drive/u/0,32468
73,350,https://slides.com/morganeciot/,32587
74,351,https://slides.com/morganeciot/deck/,32602
75,352,http://slides.com/morganeciot/deck/edit,32420
76,353,http://datarobot.com/blog,32631
77,354,http://kantasia.com/,32952
78,355,http://camtasia.com/,32954
79,356,http://nickcarchedi.com/,33064
80,357,https://datarobot.atlassian.net/browse/DOC-128,33240
81,358,https://datarobot.atlassian.net/browse/MMSQUAD-435,33341
82,359,http://cs.mcgill.ca/~mciot,33355
83,360,http://datainterfaces.org/projects/,33440
84,361,http://datainterfaces.org/,33441
85,362,http://nytimes.com/,33485
86,363,http://github.com/datarobot/som,33492
87,364,http://github.com/datarobot,33494
88,365,http://ccis.edu/,33595
89,366,http://ccis.neu.edu/,33596
90,367,http://mysteryland.us/,33644
91,368,http://googletrends.github.io/,33762
92,369,http://paulekman.com/atlas-of-emotions/,33768
93,370,http://jenkins.hq.datarobot.com/job/DataRobot_UI_Integration_Tests/5520/,34401
94,371,https://github.com/datarobot/DataRobot/blob/master/ModelingMachine/engine/histogram.py,34481
95,372,http://localhost/projects/57325a33100d2b4cb4d97898/blueprints,34495
96,373,http://localhost/projects/57325a33100d2b4cb4d97898/models/fjdlsjfkdjf,34496
97,374,http://localhost/docs/models.html,26982
98,375,http://duckduckgo.com/,34605
99,376,http://putlocker.is/watch-game-of-thrones-tvshow-season-6-online-free-putlocker.html,34618
100,377,https://datarobot.com/,34699
101,378,http://play-asia.com/,34744
102,379,http://localhost/projects/57325a33100d2b4cb4d97898/models/57325b9b100d2b7f8637c92f/compute,34774
103,380,http://localhost/projects/57325a33100d2b4cb4d97898/models/57325b9b100d2b7f8637c92f/predict/compute,34775
104,381,http://localhost/projects/57325a33100d2b4cb4d97898/models/57325b9b100d2b7f8637c92f/,34776
105,382,http://localhost/projects/57325a33100d2b4cb4d97898/models/57325b9b100d2b7f8637c92e/predict/compute,32230
106,383,http://localhost/projects/57325a33100d2b4cb4d97898/models/57325b9b100d2b7f8637c92e/predict,32225
107,384,http://localhost/projects/57325a33100d2b4cb4d97898/models/57325b9b100d2b7f8637c92e/predict/comute,34777
108,385,http://museumofbadart.org/,35258
109,386,http://philosophicaldisquisitions.blogspot.com/p/best-of-blog.html,24374
110,387,http://gameofthronesseason6livestream.com/2016/05/game-of-thrones-season-6-episode-5.html,34825
111,388,http://couchtuner.ag/,35420
112,389,http://stackoverflow.com/questions/21269674/d3js-get-the-first-and-the-last-decile,36068
113,390,https://github.com/datarobot/DataRobot/blob/bcb4e265270e419c077368809af96671073377dc/common/services/reason_codes_preview.py,36480
114,391,http://zara.com/,36535
115,392,https://staging.datarobot.com/docs/,37149
116,393,https://app.datarobot.com/docs,37150
117,394,https://staging.datarobot.com/docs/users-guide/basics/evaluate-model/leaderboard.html,37159
118,395,https://github.com/datarobot/DataRobot/pull/11270/files,37786
119,396,https://github.com/datarobot/DataRobot/blob/005cb9ccd88b5b992dc48089c6b138eba77b7471/ModelingMachine/engine/reason_codes.py,37789
120,397,http://karfai.logdown.com/,38488
121,398,https://github.com/datarobot/DataRobot/pull/10899,31766
122,399,https://github.com/datarobot/DataRobot/blob/master/tests/MMApp/test_project.py,38993
123,400,https://github.com/datarobot/DataRobot/pull/10899/,38900
124,401,http://stackoverflow.com/questions/35777860/lodash-underscore-function-to-initialize-an-array-with-default-null-values-of-a,37772
125,402,http://localhost/projects/57696de2100d2b4805d70802/models/57696ffb100d2b19b48c327d,39203
126,403,http://localhost/projects/57696de2100d2b4805d70802/models/57696ffb100d2b19b48c327d/predict,39204
127,404,https://github.com/datarobot/DataRobot/pull/11460/,39250
128,405,https://projects.invisionapp.com/share/AN707QQCY,30447
129,406,https://github.com/datarobot/DataRobot/pull/11466,39069
130,407,https://github.com/datarobot/DataRobot/pull/11270,37334
131,408,https://docs.google.com/document/d/14M5pHHMUEA5BneIE05hppl68j4i8LAAzgrpMVOjL_nQ,39421
132,409,http://10.0.0.2/,39581
133,410,http://thomaswhitehead.com/noter/,21309
134,411,http://couchtuner.ag/2016/06/game-of-thrones-season-6-episode-9-battle-of-the-bastards/,39890
135,412,http://nytimes.com/2009/07/26/magazine/26FOB-2DLove-t.html,40480
136,413,http://greyhound.com/,40559
137,414,http://greyhound.ca/,40562
138,415,http://songpoemmusic.com/dion/tracks.html,40910
139,416,https://github.com/datarobot/DataRobot/blob/065a93e6c562cbd989b43061aa8f7b35b4931063/tests/js/integration/protractor/specs/reason-codes-spec.js,40945
140,417,https://github.com/datarobot/DataRobot/blob/master/MMApp/entities/project.py,41014
141,418,http://jenkins.hq.datarobot.com/job/DataRobot_UI_Integration_Tests/8247/,41170
142,419,https://mail.google.com/mail/u/0/,19
143,420,https://github.com/tommywhitehead,41610
144,421,https://github.com/datarobot/DataRobot/blob/master/tests/js/e2e/ui_e2e/tests/test_reason_codes.js,41705
145,422,http://jenkins.hq.datarobot.com/job/DataRobot_UI_Integration_Tests/8561,41709
146,423,https://cultofmelancholy.slack.com/messages/general/,41659
147,424,https://ng-book.com/,42317
148,425,http://translate.google.com/,42353
149,426,http://tvtropes.org/,42357
150,427,https://github.com/d3/d3/blob/master/CHANGES.md,42601
151,428,http://drive.google.com/drive/u/0,42749
152,429,https://github.com/dariusk/NaNoGenMo,42754
153,430,https://reddit.com/r/Art,42806
154,431,http://vice.com/read/portland-man-stabbed-while-playing-pokemon-go-refuses-to-go-to-hospital-vgtrn,42825
155,432,https://madewell.com/,42346
156,433,https://expensify.com/,42924
157,434,https://ti.to/tickets/,43084
158,435,http://ti.to/bocoup,43099
159,436,https://ti.to/bocoup/openvis,43101
160,437,https://ti.to/bocoup/openvis-2016,43102
161,438,http://arealme.com/vocabulary-size-test/en,43107
162,439,http://arealme.com/,43110
163,440,http://arealme.com/vocabulary-size-test/en/,43109
164,441,https://github.com/datarobot/DataRobot/blob/c0eddf46a6250730780409bd59762d823ccfab81/client/js/reason-codes/reason-codes-directive.js,43150
165,442,http://google.com/,43412
166,443,http://gstatic.com/generate_204,43432
167,444,http://reddit.com/r/bestiality,43632
168,445,https://github.com/datarobot/DataRobot/blob/master/common/services/reason_codes.py,43895
169,446,http://abundance.org/,44061
170,447,https://calendar.google.com/calendar/b/0,30537
171,448,http://reddit.com/,44577
172,449,https://reddit.com/r/machinelearning,27030
173,450,https://datarobot.atlassian.net/browse/MMSQUAD-557,39746
174,451,https://datarobot.atlassian.net/browse/MMSQUAD-436,33370
175,452,http://jkunst.com/,44752
176,453,https://github.com/datarobot/DataRobot/pull/12239,44955
177,454,http://foodgawker.com/,45096
178,455,http://reddit.com/r/dataisugly,45117
179,456,http://godaddy.com/,45698
180,457,https://github.com/datarobot/DataRobot/pull/12216,44847
181,458,https://github.com/datarobot/DataRobot/pull/11810,41012
182,459,https://google.com/flights,46243
183,460,https://datarobot.atlassian.net/browse/MMSQUAD-530,46017
184,461,https://reddit.com/r/morbidquestions/,46534
185,462,https://participant.wageworks.com/,42898
186,463,http://tindeck.com/users/shoe,46593
187,464,http://attn.com/stories/9591/grooming-pubic-hair-is-bad-for-hygiene,46743
188,465,https://github.com/datarobot/DataRobot/pull/12459,47148
189,466,https://aellagirl.tumblr.com/,47285
190,467,https://eclecticenergies.com/enneagram/,47349
191,468,https://eclecticenergies.com/enneagram/type6.php,47363
192,469,http://reddit.com/r/hallucinogens,47665
193,470,http://g.e-hentai.org/,47875
194,471,https://eclecticenergies.com/enneagram/type5.php,47333
