google.com,2851
facebook.com,2717
mail.google.com,1748
github.com,1053
jenkins.hq.datarobot.com:8080,909
docs.google.com,715
datarobot.atlassian.net,663
localhost:8080,421
youtube.com,392
plus.google.com,235
amazon.com,201
netflix.com,180
en.wikipedia.org,166
stackoverflow.com,156
g.e-hentai.org,154
staging.datarobot.com,104
cultofmelancholy.slack.com,95
medium.com,89
localhost:8000,87
messenger.com,84
0.talkgadget.google.com,83
instagram.com,83
nytimes.com,80
app.datarobot.com,70
hangouts.google.com,68
linkedin.com,57
calendar.google.com,55
slack-redir.net,54
twitter.com,47
translate.google.com,45
lodash.com,40
zara.com,38
l.facebook.com,37
vice.com,37
photos.google.com,35
slides.com,34
reddit.com,32
app.greenhouse.io,32
zimbio.com,31
accounts.google.com,30
buzzfeed.com,30
verizon.com,30
expensify.com,30
vanityfair.com,29
paulekman.com,27
boston.craigslist.org,27
duckduckgo.com,26
newyorker.com,24
docs.angularjs.org,24
developer.mozilla.org,24
apm.activecommunities.com,23
warbyparker.com,23
onclickads.net,22
goo.gl,21
gitbook.com,20
dashingd3js.us6.list-manage.com,20
eclecticenergies.com,19
workflowy.com,19
electricliterature.com,19
web.archive.org,18
scp-wiki.net,17
devexp-slackbot.deis-proxy.drdev.io,17
console.aws.amazon.com,17
raw.githubusercontent.com,17
projects.invisionapp.com,17
lab.hakim.se,16
participant.wageworks.com,16
ti.to,16
app.officevibe.com,15
datarobot.com,15
w3schools.com,15
newsafeupdate.online,14
datarobot.zendesk.com,14
socialbostonsports.leagueapps.com,14
links.newyorker.mkt4334.com,14
imgur.com,13
goodreads.com,13
drive.google.com,13
npr.org,12
atlassian.com,12
theatlantic.com,12
out.reddit.com,12
lab-oratory.de,12
sso.godaddy.com,11
rentalcars.com,11
tvtropes.org,11
bl.ocks.org,11
nycdiaries.com,11
urbandictionary.com,11
s-media-cache-ak0.pinimg.com,10
docs.python.org,10
local filesystem,10
graphitepublications.com,10
quora.com,9
dcu-online.org,9
slatestarcodex.com,9
i.imgur.com,9
theonion.com,9
putlocker.is,9
doodle.com,9
orbitz.com,9
comparticipant.wageworks.com,8
giphy.com,8
arxiv.org,8
bit.ly,8
ora.tv,8
tindeck.com,8
notjustrobots.slack.com,8
chipchick.com,8
chrome.google.com,7
thisamericanlife.org,7
hbmpodcast.com,7
theguardian.com,7
szincza.eu,7
slate.com,7
ocw.mit.edu,7
git-scm.com,7
couchtuner.ag,7
track.officevibe.com,7
bostonexpressbus.com,7
dashingd3js.us6.list-manage2.com,7
datascienceweekly.us3.list-manage.com,6
footcardigan.foxycart.com,6
libertynationalgc.com,6
saucelabs.com,6
caffeineinformer.com,6
datainterfaces.org,6
visuwords.com,6
enneagramworldwide.com,6
vox.com,6
s7.addthis.com,6
us-east-1.signin.aws.amazon.com,6
cloud.githubusercontent.com,6
aws.amazon.com,6
rhymezone.com,6
soundgasm.net,6
t.co,6
dcu.org,6
aa.com,6
gravitys-rainbow.pynchonwiki.com,6
auth.verizon.com,6
dashingd3js.us6.list-manage1.com,6
techsmith.com,5
imdb.com,5
modells.com,5
fivethirtyeight.com,5
redirect.atlassian.io,5
api.jquery.com,5
youtu.be,5
spokeo.com,5
en.m.wikipedia.org,5
dev.fitbit.com,5
vimeo.com,5
madewell.com,5
books.google.com,5
nymag.com,5
localhost:5000,5
signin.verizon.com,5
ng-book.com,5
hi.stamen.com,5
pinterest.com,5
vivianpeng.com,5
newrepublic.com,5
allmyvideos.net,5
p.nytimes.com,5
2p8.ent.datarobot.com,5
tiphive.com,5
the-toast.net,5
museumofbadart.org,5
oncora.jakeklingler.com,5
fundraise.childrenshospital.org,5
medium.freecodecamp.com,4
en.wiktionary.org,4
broadly.vice.com,4
theverge.com,4
jezebel.com,4
fredrikdeboer.com,4
ua.linkedin.com,4
greyhound.com,4
jkunst.com,4
cs.mcgill.ca,4
jsfiddle.net,4
s1053.photobucket.com,4
go.baconplay.com,4
jstor.org,4
graphwords.com,4
p4.zdusercontent.com,4
elance.com,4
googleadservices.com,4
godaddy.com,4
researchgate.net,4
arealme.com,4
digital-message.com,4
boingboing.net,4
update.ads4newupdates.site,4
getpocket.com,4
movieflix.to,4
visualcinnamon.com,4
weather.com,4
amybanksmd.com,4
security.google.com,4
gitlab.com,4
theawl.com,4
angular-tips.com,4
adf.ly,4
thecobrasnake.com,4
plus.url.google.com,4
wired.com,4
aeon.co,4
stefanoblack.com,4
mideastoffers.com,4
shop.thecobrasnake.com,4
google.at,4
np.reddit.com,3
oonasboston.com,3
docs.scipy.org,3
sciencenews.org,3
coursera.org,3
okcupid.com,3
docs.npmjs.com,3
w3.org,3
ccis.northeastern.edu,3
newupgradesystem.whensafeupdateworks.online,3
plato.stanford.edu,3
cdn.adtrace.org,3
momentjs.com,3
datacamp.com,3
prs458trz.com,3
mysteryland.us,3
psp.sagepub.com,3
cfainstitute.org,3
pussysaga.com,3
dashingd3js.com,3
danielgenis.net,3
cg.tuwien.ac.at,3
cafeartscience.com,3
maps.google.com,3
washingtonpost.com,3
python-fitbit.readthedocs.io,3
wtfestival.org,3
x-rates.com,3
businessinsider.com,3
datascienceweekly.us3.list-manage2.com,3
mtlblog.com,3
partiallyexaminedlife.com,3
ward8.com,3
pandas.pydata.org,3
visionworks.com,3
caselaw.findlaw.com,3
nycpornfilmfestival.com,3
secure.rentalcars.com,3
email.hyperallergic.com,3
funnyordie.com,3
snopes.com,3
titan.infra.systems,3
socialbostonsports.com,3
archive.org,3
enneagraminstitute.com,3
ir.library.oregonstate.edu,3
groups.google.com,3
adamreeve.tumblr.com,3
apps.eui.eu,3
stats.stackexchange.com,3
erowid.org,3
francois-marie-arouet-voltaire.wikispaces.com,3
thesaurus.com,3
sultans-kitchen.com,3
hyperallergic.com,3
fortune.com,3
ted.com,3
livestream.com,3
zappos.com,3
telegraph.co.uk,3
tetw.org,3
alsa.org,3
hcs.harvard.edu,3
foodgawker.com,3
trib.al,3
japaneseemoticons.me,3
go-studcat.infra.systems,3
67.media.tumblr.com,3
us.pycon.org,3
bennadel.com,3
12updatenew.upalways.download,3
gist.github.com,3
upgradecircle.settingupdate.xyz,3
ge-mcs.com,3
legacy.com,3
bartleby.com,3
unix.stackexchange.com,3
lareviewofbooks.org,3
signin.techsmith.com,3
gawker.com,3
giving.childrenshospital.org,3
thechive.com,3
backchannel.com,3
tripadvisor.com,3
forms.madisonlogic.com,2
googleads.g.doubleclick.net,2
google.zendesk.com,2
newstatesman.com,2
dancarlin.com,2
couchtuner.city,2
gameofthronesseason6livestream.com,2
greyhound.ca,2
gmail.com,2
forbes.com,2
gimletmedia.com,2
fontawesome.io,2
foddy.net,2
googletrends.github.io,2
nodejs.org,2
dailymail.co.uk,2
forum.ionicframework.com,2
guestbox.com,2
d3js.org,2
myverizonid.verizon.com,2
frenchembassyintheus.cmail2.com,2
greenstreetgrill.com,2
wholeearth.com,2
news.ycombinator.com,2
garmentdistrict.com,2
cs.chromium.org,2
northeastern.edu,2
ctrlpaint.com,2
css-tricks.com,2
northeastanimalshelter.org,2
dailymotion.com,2
flickr.com,2
hems.io,2
mya.godaddy.com,2
wsj.com,2
email2.warbyparker.com,2
juxtapoz.com,2
developers.google.com,2
dictionary.com,2
kantasia.com,2
karfai.logdown.com,2
mail.leagueapps.com,2
watchseasonline.com,2
magnus.net,2
magicleap.com,2
email.getpocket.com,2
kr4.us,2
webmd.com,2
mackeeperapp.mackeeper.com,2
wired.co.uk,2
m.facebook.com,2
discussions.apple.com,2
luxury.rehabs.com,2
lenscrafters.com,2
letssingit.com,2
zomato.com,2
drdaviddaniels.com,2
denisdutton.com,2
mbta.com,2
engadget.com,2
ijl.sagepub.com,2
hipsum.co,2
www22.verizon.com,2
hlok.qertewrt.com,2
hortonworks.com,2
motherboard.vice.com,2
montrealfetishweekend.com,2
i.dailymail.co.uk,2
flask.pocoo.org,2
i1053.photobucket.com,2
iflscience.com,2
incurable-ennui.tumblr.com,2
jasmine.github.io,2
etsy.com,2
mfa.org,2
datarobot.co,2
watch-game-of-thrones-for-free.com,2
datarobot.signin.aws.amazon.com,2
isaackarth.com,2
memegenerator.net,2
datascienceweekly.us3.list-manage1.com,2
itunes.apple.com,2
media0.giphy.com,2
zoom.us,2
oola.com,2
readingroom.blogs.nytimes.com,2
cdn.freefarcy.com,2
bugs.chromium.org,2
thevideo.me,2
rangzenrestaurant.com,2
rageon.com,2
qz.com,2
query.nytimes.com,2
bustle.com,2
bbc.co.uk,2
bzfd.it,2
act.colorofchange.org,2
px.warbyparker.com,2
putlocker.cool,2
xn--dahlstrm-t4a.net,2
protractortest.org,2
tc39.github.io,2
cambridgebicycle.com,2
sidereel.com,2
signin.aws.amazon.com,2
cc.com,2
adafruit.com,2
bbc.com,2
rawstory.com,2
secure.childrenshospital.org,2
amzn.to,2
bloomberg.com,2
blog.fumankaitori.com,2
bodaborg.com,2
bookrags.com,2
season6gameofthrones.com,2
amazon.ca,2
tf5lu9ym5n.search.serialssolutions.com,2
boston.figmentproject.org,2
answers.com,2
theallusionist.org,2
superuser.com,2
bostonlaser.com,2
thehabitofbeing.com,2
serve.popads.net,2
suicidegirls.com,2
afterdeadline.blogs.nytimes.com,2
aellagirl.tumblr.com,2
productforums.google.com,2
thomaswhitehead.com,2
thump.vice.com,2
cnn.com,2
vodlocker.org,2
sitepoint.com,2
clevescene.com,2
trinet.wageworks.com,2
clickhole.com,2
avis.com,2
cloudtv5.com,2
code.angularjs.org,2
periodpaper.com,2
code.google.com,2
attn.com,2
upload.wikimedia.org,2
25.media.tumblr.com,2
soundcloud.com,2
speakeasyelectroswing.bandcamp.com,2
10.0.0.2,2
cl.ly,2
openvisconf.com,2
ancestry.com,2
pocket.co,2
abglobal.com,2
play.google.com,2
singularity.com,2
visualisingdata.com,2
simulation-argument.com,2
tradeadexchange.com,2
eui.eu,1
artsemerson.org,1
fivefiley.com,1
firefly.wikia.com,1
yie4zooseif.info,1
evangerfireside.files.wordpress.com,1
engineering.mongodb.com,1
english.stackexchange.com,1
andrewgelman.com,1
arebe.github.io,1
exiteuthanasia.wordpress.com,1
andrew.gibiansky.com,1
angularjs.org,1
arstechnica.com,1
api.jqueryui.com,1
finance.yahoo.com,1
fanmusic.com,1
entacreq.info,1
epochconverter.com,1
apsimulations.com,1
eyewitnesstohistory.com,1
experiencenervana.com,1
wiki.tripsit.me,1
wiki.python.org,1
ew.com,1
yelp.com,1
farmdev.com,1
fastcompany.com,1
architecture.hq.datarobot.com,1
fatiherikli.github.io,1
archive.oreilly.com,1
enneagram.net,1
yidio.com,1
fiddle.jshell.net,1
xkcd.com,1
flatuicolorpicker.com,1
frenchembassyintheus.cmail20.com,1
access.funmatrix.net,1
abundance.org,1
abundance.net,1
frozenfeetfilm.com,1
about.gitlab.com,1
abcnews.go.com,1
funtranslations.com,1
a2zonline247.com,1
fusion.net,1
a1.files.biography.com,1
a-fwd.com,1
9types.com,1
99percentinvisible.org,1
6131.xg4ken.com,1
45.media.tumblr.com,1
3.bp.blogspot.com,1
2ality.com,1
geekinheels.com,1
geekwire.com,1
1984englishblog.wordpress.com,1
100sugarbabies.blogspot.com,1
10.20.53.82,1
gemeasurement.com,1
frenchlanguage.frenchculture.org,1
accountmanager.dcu-online.org,1
flavorwire.com,1
zipcar.com,1
americanrepertorytheater.org,1
americanliterature.com,1
flightaware.com,1
flowingdata.com,1
allrecipes.com,1
alignedleft.com,1
alicekeeler.com,1
alexander-lex.net,1
aidersonprochain.com,1
ahiruzone.com,1
for.tn,1
eng.uber.com,1
ae.com,1
adultswim.com,1
adspaces.ero-advertising.com,1
framesdirect.com,1
ads.ad-center.com,1
adapalmer.com,1
ad.doubleclick.net,1
action.aclu.org,1
freestreamingfilm.com,1
frenchculturalcenter.org,1
aclweb.org,1
artwis.com,1
bang.fit,1
encyclopedia.com,1
xroads.virginia.edu,1
cdn2-www.afterellen.com,1
cdn.memestache.com,1
ccis.neu.edu,1
ccis.edu,1
camtasia.com,1
data.agaric.com,1
data.whicdn.com,1
cache1.asset-cache.net,1
dataquest.io,1
www21.online-convert.com,1
c1.staticflickr.com,1
wunderlist.com,1
charoshane.com,1
burningbridgepgh.org,1
datasets.co,1
buffalonews.com,1
datatau.com,1
dctkfvs9istwk.cloudfront.net,1
breitbart.com,1
de.wikipedia.org,1
deeplearning4j.org,1
deeplearningpatterns.com,1
defcon.org,1
brainpickings.org,1
cdn2.omidoo.com,1
checkupdown.com,1
askubuntu.com,1
geohipster.com,1
complice.co,1
conversationalreading.com,1
complex.com,1
cooking.nytimes.com,1
collectorsweekly.com,1
coed.com,1
codeshare.io,1
coderwall.com,1
codepen.io,1
creativereview.co.uk,1
critical-theory.com,1
cs.cornell.edu,1
cheeaun.github.io,1
clk.ml-links.com,1
cspinet.org,1
click.alibaba.com,1
class.coursera.org,1
clarknikdelpowell.com,1
chowhound.com,1
cvltnation.com,1
chocolatedelicacy.com,1
chilleesys.com,1
d3nl3tll74f9uv.cloudfront.net,1
dailydot.com,1
destroyallsoftware.com,1
bradoncode.com,1
bpl.org,1
education.guardian.co.uk,1
e-hentai.org,1
earlymoderntexts.com,1
bearbrowse.com,1
earnthenecklace.com,1
easycalculation.com,1
easydefile.com,1
ebay.com,1
econtact.verizon.com,1
console.hitechtopics.com,1
bandofcats.com,1
edfringe.com,1
ejb.github.io,1
bountysource.com,1
elcentroboston.com,1
wikiwand.com,1
elephantwalk.com,1
bachfantasy.com,1
azfamily.com,1
avatars2.githubusercontent.com,1
autostraddle.com,1
emilyinamillion.me,1
atlasofwonders.com,1
atlasofemotions.com,1
wikihow.com,1
beautifulpeople.com,1
betabrand.com,1
bikeforums.net,1
bioethics.umn.edu,1
wrttn.me,1
bostonglobe.com,1
bostoncalling.com,1
digiday.com,1
xtabia.com,1
boston.com,1
booksandjournals.brillonline.com,1
boduch.ca,1
digitaltrends.com,1
dionysia.org,1
wpstewart.com,1
wp.nyu.edu,1
blogs.wsj.com,1
blogs.sas.com,1
docs.python-requests.org,1
blogger.com,1
docs.quantifiedcode.com,1
blockbuilder.org,1
blinkboxbooks.com,1
download.cnet.com,1
dpcted.com,1
drawdoo.com,1
bioinformatics.oxfordjournals.org,1
genderandsexuality.as.nyu.edu,1
ustream.tv,1
german-films.de,1
rhodium.io,1
samples-help.org.uk,1
samkriss.wordpress.com,1
salon.com,1
salespage.flippa.com,1
s3-us-west-2.amazonaws.com,1
rpsychologist.com,1
rollingstone.com,1
ribbonaroundabomb.files.wordpress.com,1
reviewboard.org,1
sciencealert.com,1
restpatterns.org,1
residentadvisor.net,1
research.googleblog.com,1
reformation.org,1
refinery29.com,1
redis.io,1
recruit-rgf.com,1
rebellion.nerdfitness.com,1
sarmarestaurant.com,1
sciencemag.org,1
reactiongifs.us,1
shit-facedshakespeare.us10.list-manage.com,1
slate.me,1
vintageadbrowser.com,1
skype.com,1
simonrogers.net,1
siliconangle.com,1
shpg.org,1
shorttermrentalsboston.com,1
shit-facedshakespeare.us10.list-manage1.com,1
sharetv.com,1
scikit-learn.org,1
shakespeare.mit.edu,1
session.wikispaces.com,1
service.quickseep.com,1
service.quickseem.com,1
sengifted.org,1
selection.datavisualization.ch,1
sebastianraschka.com,1
vis4.net,1
realclearscience.com,1
visual.ly,1
slavorum.org,1
petapixel.com,1
pokemon.com,1
poets.org,1
play-asia.com,1
pinknews.co.uk,1
philxmilstein.com,1
philosophy.uncc.edu,1
philosophicaldisquisitions.blogspot.com,1
philogb.github.io,1
penguin.com,1
polygraph.cool,1
pastebin.com,1
pass-thru-film.com,1
papers.tinbergen.nl,1
papers.ssrn.com,1
ourhealth.com,1
orthodoxytoday.org,1
orderyoni.com,1
openculture.com,1
politicususa.com,1
pomodororestaurants.com,1
raven.cam.ac.uk,1
pypi.python.org,1
rationalwiki.org,1
raspberryberet.us,1
radiolab.org,1
queerty.com,1
qizeresearch.wordpress.com,1
python.org,1
python-fitbit.readthedocs.org,1
pytest.org,1
psychology.stanford.edu,1
popily.com,1
proxy.topixcdn.com,1
propublica.org,1
projectfreetv.im,1
programmers.stackexchange.com,1
productpains.com,1
princeton.edu,1
pps.sagepub.com,1
popped.biz,1
slate.trib.al,1
slayageonline.com,1
ghostweather.com,1
thevideo.ch,1
ticket.americanrepertorytheater.org,1
verywell.com,1
throwawaymail.com,1
thoughtcatalog.com,1
thinkingmedia.ca,1
think-like-a-git.net,1
thingofthings.wordpress.com,1
thewrap.com,1
thetoptens.com,1
toddmotto.com,1
thesaurus.net,1
theparisreview.org,1
theoatmeal.com,1
thenextweb.com,1
thenextrecession.wordpress.com,1
themillions.com,1
themacro.com,1
thelittledataset.com,1
timewellspent.io,1
toptal.com,1
thehardtimes.net,1
ui-library.deis.dev.hq.datarobot.com,1
usenix.org,1
us2.campaign-archive1.com,1
urllib3.readthedocs.org,1
urllib3.readthedocs.io,1
urbanspoon.com,1
upwork.com,1
update2new.upnow.xyz,1
undefined.adk2x.com,1
ugrad.stat.ubc.ca,1
tor.com,1
udacity.com,1
typologycentral.com,1
varianceexplained.org,1
tv.projectfreetv.so,1
trello.com,1
travelwednesday.com,1
ventsmagazine.com,1
torch.ch,1
theinfluence.org,1
thefreedictionary.com,1
smartjava.org,1
viddler.com,1
statmath.wu.ac.at,1
static1.refinery29.com,1
stateofthereunion.com,1
stat.columbia.edu,1
start.sh,1
starbucks.com,1
standard.co.uk,1
stamen.com,1
video.lefigaro.fr,1
stereonightclub.net,1
speednetwork1.adk2x.com,1
sparknotes.com,1
songpoemmusic.com,1
software.intel.com,1
socialresearchmethods.net,1
vignette1.wikia.nocookie.net,1
social.rollins.edu,1
smbc-comics.com,1
stefanoblack.tumblr.com,1
stilldrinking.org,1
thedebrief.co.uk,1
technologyreview.com,1
theconcourse.deadspin.com,1
theatermania.com,1
theartist.me,1
the-orbit.net,1
textvis.lnu.se,1
teropa.info,1
teenageengineering.com,1
tedsider.org,1
techemergence.com,1
studiodradiodurans.com,1
techcrunch.com,1
teampatent.com,1
tangierino.com,1
talend.com,1
swirlstats.com,1
support.pkdcure.org,1
sueellenwelfonderauthor.files.wordpress.com,1
sublimetext.com,1
open.spotify.com,1
onlinemictest.com,1
online-literature.com,1
inter-dimensionalcable.xyz,1
jenkins.docs.hq.datarobot.com,1
jamesclear.com,1
jacobinmag.com,1
ithaca.craigslist.org,1
isanalyze.com,1
invis.io,1
interesting2links.blogspot.com,1
interactive.aljazeera.com,1
instructables.com,1
jenkins.io,1
wechargegenocide.org,1
inside-r.org,1
ingentaconnect.com,1
indiewire.com,1
indiegogo.com,1
independent.co.uk,1
indatalabs.com,1
incidentalcomics.com,1
webtrackerplus.com,1
user2015.math.aau.dk,1
in.reuters.com,1
knowledge.wharton.upenn.edu,1
legends2k.github.io,1
ldmn.tumblr.com,1
lcvonhessen.wordpress.com,1
laweekly.com,1
latimes.com,1
webdesignerwall.com,1
kramnameloc.com,1
knowyourmeme.com,1
kirankanumuri.blogspot.com,1
joshuagallaway.com,1
kiplinger.com,1
kidsactivitiesblog.com,1
katie.dntrx.com,1
karpathy.github.io,1
kafka.org,1
justingregg.com,1
jsonformatter.curiousconcept.com,1
jsbin.com,1
incestry.com,1
in-mind.org,1
online-convert.com,1
goodmenproject.com,1
grubhub.com,1
green-wood.com,1
greatergood.berkeley.edu,1
gravitysrainbowwebpage.weebly.com,1
gramlove.com,1
gramlove.co,1
google.fr,1
wetcanvas.com,1
whalefacts.org,1
hackaday.com,1
go.redirectingat.com,1
go.active.com,1
globalbigdataconference.com,1
gizmodo.com,1
gizmo.do,1
gitxiv.com,1
whatismybrowser.com,1
whisper.sh,1
gstatic.com,1
hackmath.net,1
imgflip.com,1
huffingtonpost.com,1
images.enstarz.com,1
image.online-convert.com,1
ibankcoin.com,1
ia801606.us.archive.org,1
i.stack.imgur.com,1
i.reddituploads.com,1
i.guim.co.uk,1
i.chzbgr.com,1
hubpages.com,1
wekinator.org,1
html5hub.com,1
help.expensify.com,1
hellogiggles.com,1
healingcouplesretreats.com,1
hdl.handle.net,1
hbr.org,1
hartford.craigslist.org,1
harpers.org,1
lettersofnote.com,1
lgtm.co,1
lib.ru,1
nathanleclaire.com,1
news.vice.com,1
news.mit.edu,1
newlondon.craigslist.org,1
networkscienceinstitute.org,1
network.adsmarket.com,1
nesn.com,1
nervoushorse.com,1
nationaleatingdisorders.org,1
nashuaeye.com,1
ngm.nationalgeographic.com,1
nahdp.voluumtrk.com,1
nahdp.redirectvoluum.com,1
mucinex.com,1
moviefone.com,1
morethantwo.com,1
mookseandgripes.com,1
money.cnn.com,1
mollycrabapple.com,1
ng-learn.org,1
nickcarchedi.com,1
webapps.stackexchange.com,1
nyu.edu,1
onion.com,1
ohlala.com,1
offer.alibaba.com,1
oddballstocks.com,1
obsso.dcu-online.org,1
obittree.com,1
obitsforlife.com,1
oauth-redirector.services.greenhouse.io,1
vulture.com,1
niemanlab.org,1
nydailynews.com,1
nycpornfilmfest.com,1
nycarthur.com,1
nybooks.com,1
nyas.org,1
npmjs.com,1
nownovel.com,1
now.howstuffworks.com,1
mobile.nytimes.com,1
mfviz.com,1
mfas3.s3.amazonaws.com,1
luxiyalu.com,1
mail01.tinyletterapp.com,1
mail-attachment.googleusercontent.com,1
machare-art.com,1
m.reddit.com,1
lyricsontop.com,1
lynchnet.com,1
lwtlaw.com,1
lvdmaaten.github.io,1
lp.baboom.audio,1
metrocosm.com,1
longoverdue.tumblr.com,1
lolzor.com,1
wcvb.com,1
wcwonline.org,1
loathingbioethics.blogspot.com,1
loa.org,1
livestrong.com,1
lisacharlotterost.github.io,1
makandracards.com,1
makeuseof.com,1
marieclaire.com,1
markosiandotnet.files.wordpress.com,1
meredithaz.images.worldnow.com,1
mentalhelp.net,1
mentalhealthdaily.com,1
menacingcloud.com,1
megaflix.net,1
watchcartoononline.com,1
mediamatters.org,1
media.godaddy.com,1
media.giphy.com,1
medgadget.com,1
mcsweeneys.net,1
mcs.open.ac.uk,1
mcmansionhell.tumblr.com,1
mayoclinic.org,1
matthewpritchard.co.uk,1
masslive.com,1
martinfowler.com,1
jimhoskins.com,1
