None,visit_count,visit_count
None,sum,mean
domain,,
docs.google.com,8388,11.7314685315
localhost:8000,6574,75.5632183908
mail.google.com,5412,3.09610983982
localhost:8080,4623,10.9809976247
google.com,4370,1.53279551035
facebook.com,4312,1.58704453441
github.com,4122,3.91452991453
messenger.com,3985,47.4404761905
datarobot.atlassian.net,1770,2.66968325792
jenkins.hq.datarobot.com:8080,1516,1.66776677668
cultofmelancholy.slack.com,1431,15.0631578947
youtube.com,1088,2.77551020408
slides.com,604,17.7647058824
instagram.com,571,6.87951807229
staging.datarobot.com,423,4.06730769231
plus.google.com,366,1.55744680851
calendar.google.com,364,6.61818181818
amazon.com,353,1.75621890547
netflix.com,324,1.8
gmail.com,314,157.0
medium.com,286,3.21348314607
en.wikipedia.org,183,1.10240963855
stackoverflow.com,175,1.12179487179
app.datarobot.com,174,2.48571428571
g.e-hentai.org,156,1.01298701299
hangouts.google.com,131,1.92647058824
0.talkgadget.google.com,102,1.22891566265
twitter.com,102,2.17021276596
paulekman.com,101,3.74074074074
projects.invisionapp.com,98,5.76470588235
eclecticenergies.com,90,4.73684210526
googleads.g.doubleclick.net,89,44.5
nytimes.com,87,1.0875
lodash.com,80,2.0
photos.google.com,76,2.17142857143
zara.com,68,1.78947368421
linkedin.com,65,1.14035087719
vanityfair.com,61,2.10344827586
translate.google.com,61,1.35555555556
expensify.com,58,1.93333333333
fivethirtyeight.com,58,11.6
duckduckgo.com,55,2.11538461538
slack-redir.net,54,1.0
drive.google.com,52,4.0
reddit.com,52,1.625
app.greenhouse.io,51,1.59375
workflowy.com,51,2.68421052632
maps.google.com,49,16.3333333333
apm.activecommunities.com,45,1.95652173913
vice.com,44,1.18918918919
docs.angularjs.org,42,1.75
warbyparker.com,42,1.82608695652
accounts.google.com,38,1.26666666667
verizon.com,37,1.23333333333
l.facebook.com,37,1.0
goo.gl,36,1.71428571429
participant.wageworks.com,36,2.25
newrepublic.com,35,7.0
boston.craigslist.org,34,1.25925925926
zimbio.com,33,1.06451612903
gitbook.com,33,1.65
electricliterature.com,32,1.68421052632
buzzfeed.com,30,1.0
console.aws.amazon.com,30,1.76470588235
developer.mozilla.org,29,1.20833333333
onclickads.net,29,1.31818181818
newyorker.com,27,1.125
web.archive.org,26,1.44444444444
lab.hakim.se,25,1.5625
local filesystem,25,2.5
atlassian.com,23,1.91666666667
datarobot.zendesk.com,23,1.64285714286
ti.to,23,1.4375
urbandictionary.com,21,1.90909090909
app.officevibe.com,21,1.4
dcu-online.org,20,2.22222222222
dashingd3js.us6.list-manage.com,20,1.0
2p8.ent.datarobot.com,19,3.8
scp-wiki.net,18,1.05882352941
datarobot.com,18,1.2
nycdiaries.com,18,1.63636363636
raw.githubusercontent.com,17,1.0
devexp-slackbot.deis-proxy.drdev.io,17,1.0
ora.tv,16,2.0
rentalcars.com,16,1.45454545455
theatlantic.com,16,1.33333333333
tvtropes.org,16,1.45454545455
couchtuner.ag,16,2.28571428571
tindeck.com,16,2.0
datainterfaces.org,16,2.66666666667
w3schools.com,16,1.06666666667
szincza.eu,16,2.28571428571
vox.com,15,2.5
npr.org,15,1.25
socialbostonsports.leagueapps.com,15,1.07142857143
newsafeupdate.online,14,1.0
newstatesman.com,14,7.0
dcu.org,14,2.33333333333
sso.godaddy.com,14,1.27272727273
links.newyorker.mkt4334.com,14,1.0
goodreads.com,13,1.0
putlocker.is,13,1.44444444444
lab-oratory.de,13,1.08333333333
myverizonid.verizon.com,13,6.5
notjustrobots.slack.com,13,1.625
dailymotion.com,13,6.5
imgur.com,13,1.0
finance.yahoo.com,12,12.0
graphitepublications.com,12,1.2
quora.com,12,1.33333333333
hi.stamen.com,12,2.4
out.reddit.com,12,1.0
bl.ocks.org,12,1.09090909091
comparticipant.wageworks.com,12,1.5
hbmpodcast.com,11,1.57142857143
aws.amazon.com,11,1.83333333333
theonion.com,10,1.11111111111
s-media-cache-ak0.pinimg.com,10,1.0
slatestarcodex.com,10,1.11111111111
gitlab.com,10,2.5
libertynationalgc.com,10,1.66666666667
docs.python.org,10,1.0
godaddy.com,9,2.25
gravitys-rainbow.pynchonwiki.com,9,1.5
tiphive.com,9,1.8
vimeo.com,9,1.8
i.imgur.com,9,1.0
orbitz.com,9,1.0
oncora.jakeklingler.com,9,1.8
doodle.com,9,1.0
bit.ly,9,1.125
museumofbadart.org,9,1.8
amybanksmd.com,9,2.25
bostonexpressbus.com,9,1.28571428571
ocw.mit.edu,8,1.14285714286
enneagramworldwide.com,8,1.33333333333
chrome.google.com,8,1.14285714286
chipchick.com,8,1.0
greyhound.com,8,2.0
redirect.atlassian.io,8,1.6
footcardigan.foxycart.com,8,1.33333333333
soundgasm.net,8,1.33333333333
auth.verizon.com,8,1.33333333333
giphy.com,8,1.0
track.officevibe.com,7,1.0
localhost:5000,7,1.4
madewell.com,7,1.4
theguardian.com,7,1.0
imdb.com,7,1.4
the-toast.net,7,1.4
visuwords.com,7,1.16666666667
techsmith.com,7,1.4
api.jquery.com,7,1.4
thisamericanlife.org,7,1.0
git-scm.com,7,1.0
dashingd3js.us6.list-manage2.com,7,1.0
arxiv.org,7,0.875
slate.com,7,1.0
signin.techsmith.com,7,2.33333333333
secure.rentalcars.com,7,2.33333333333
theverge.com,6,1.5
aa.com,6,1.0
elance.com,6,1.5
shop.thecobrasnake.com,6,1.5
washingtonpost.com,6,2.0
momentjs.com,6,2.0
vivianpeng.com,6,1.2
fiddle.jshell.net,6,6.0
cloud.githubusercontent.com,6,1.0
gameofthronesseason6livestream.com,6,3.0
saucelabs.com,6,1.0
dashingd3js.us6.list-manage1.com,6,1.0
caffeineinformer.com,6,1.0
s7.addthis.com,6,1.0
en.m.wikipedia.org,6,1.2
t.co,6,1.0
datascienceweekly.us3.list-manage.com,6,1.0
fredrikdeboer.com,6,1.5
us-east-1.signin.aws.amazon.com,6,1.0
rhymezone.com,6,1.0
cs.mcgill.ca,5,1.25
jsonformatter.curiousconcept.com,5,5.0
jkunst.com,5,1.25
japaneseemoticons.me,5,1.66666666667
go-studcat.infra.systems,5,1.66666666667
fundraise.childrenshospital.org,5,1.0
ir.library.oregonstate.edu,5,1.66666666667
dancarlin.com,5,2.5
legacy.com,5,1.66666666667
dev.fitbit.com,5,1.0
epochconverter.com,5,5.0
datacamp.com,5,1.66666666667
docs.npmjs.com,5,1.66666666667
backchannel.com,5,1.66666666667
arealme.com,5,1.25
medium.freecodecamp.com,5,1.25
couchtuner.city,5,2.5
p.nytimes.com,5,1.0
youtu.be,5,1.0
visualcinnamon.com,5,1.25
books.google.com,5,1.0
titan.infra.systems,5,1.66666666667
thecobrasnake.com,5,1.25
theawl.com,5,1.25
stefanoblack.com,5,1.25
spokeo.com,5,1.0
snopes.com,5,1.66666666667
signin.verizon.com,5,1.0
cg.tuwien.ac.at,5,1.66666666667
putlocker.cool,5,2.5
pinterest.com,5,1.0
p4.zdusercontent.com,5,1.25
ng-book.com,5,1.0
aeon.co,5,1.25
movieflix.to,5,1.25
nymag.com,5,1.0
mtlblog.com,5,1.66666666667
allmyvideos.net,5,1.0
modells.com,5,1.0
okcupid.com,4,1.33333333333
jsfiddle.net,4,1.0
funnyordie.com,4,1.33333333333
thesaurus.net,4,4.0
thevideo.me,4,2.0
forum.ionicframework.com,4,2.0
thomaswhitehead.com,4,2.0
flatuicolorpicker.com,4,4.0
trinet.wageworks.com,4,2.0
garmentdistrict.com,4,2.0
ua.linkedin.com,4,1.0
update.ads4newupdates.site,4,1.0
erowid.org,4,1.33333333333
jstor.org,4,1.0
weather.com,4,1.0
wired.com,4,1.0
en.wiktionary.org,4,1.0
angular-tips.com,4,1.0
jezebel.com,4,1.0
sultans-kitchen.com,4,1.33333333333
tetw.org,4,1.33333333333
googleadservices.com,4,1.0
adf.ly,4,1.0
plus.url.google.com,4,1.0
invis.io,4,4.0
python-fitbit.readthedocs.io,4,1.33333333333
rageon.com,4,2.0
graphwords.com,4,1.0
researchgate.net,4,1.0
s1053.photobucket.com,4,1.0
apps.eui.eu,4,1.33333333333
getpocket.com,4,1.0
google.at,4,1.0
mideastoffers.com,4,1.0
np.reddit.com,4,1.33333333333
go.baconplay.com,4,1.0
stats.stackexchange.com,4,1.33333333333
jasmine.github.io,4,2.0
gist.github.com,4,1.33333333333
ads.ad-center.com,4,4.0
security.google.com,4,1.0
zoom.us,4,2.0
docs.scipy.org,4,1.33333333333
boingboing.net,4,1.0
digital-message.com,4,1.0
coursera.org,4,1.33333333333
broadly.vice.com,4,1.0
datarobot.co,4,2.0
bustle.com,4,2.0
danielgenis.net,4,1.33333333333
newupgradesystem.whensafeupdateworks.online,3,1.0
telegraph.co.uk,3,1.0
gawker.com,3,1.0
w3.org,3,1.0
ngm.nationalgeographic.com,3,3.0
nickcarchedi.com,3,3.0
hcs.harvard.edu,3,1.0
ward8.com,3,1.0
cloudtv5.com,3,1.5
livestream.com,3,1.0
caselaw.findlaw.com,3,1.0
ted.com,3,1.0
francois-marie-arouet-voltaire.wikispaces.com,3,1.0
nycpornfilmfestival.com,3,1.0
fortune.com,3,1.0
forbes.com,3,1.5
tripadvisor.com,3,1.0
businessinsider.com,3,1.0
trib.al,3,1.0
ge-mcs.com,3,1.0
lolzor.com,3,3.0
vodlocker.org,3,1.5
sciencenews.org,3,1.0
amazon.ca,3,1.5
us.pycon.org,3,1.0
datascienceweekly.us3.list-manage2.com,3,1.0
media0.giphy.com,3,1.5
alsa.org,3,1.0
memegenerator.net,3,1.5
mfa.org,3,1.5
bbc.co.uk,3,1.5
67.media.tumblr.com,3,1.0
montrealfetishweekend.com,3,1.5
giving.childrenshospital.org,3,1.0
socialbostonsports.com,3,1.0
mysteryland.us,3,1.0
archive.org,3,1.0
groups.google.com,3,1.0
cafeartscience.com,3,1.0
upgradecircle.settingupdate.xyz,3,1.0
gimletmedia.com,3,1.5
visionworks.com,3,1.0
bugs.chromium.org,3,1.5
unix.stackexchange.com,3,1.0
hyperallergic.com,3,1.0
foodgawker.com,3,1.0
wtfestival.org,3,1.0
juxtapoz.com,3,1.5
bartleby.com,3,1.0
enneagraminstitute.com,3,1.0
dashingd3js.com,3,1.0
adamreeve.tumblr.com,3,1.0
bennadel.com,3,1.0
www22.verizon.com,3,1.5
x-rates.com,3,1.0
email2.warbyparker.com,3,1.5
email.hyperallergic.com,3,1.0
thesaurus.com,3,1.0
xn--dahlstrm-t4a.net,3,1.5
drdaviddaniels.com,3,1.5
bostonlaser.com,3,1.5
itunes.apple.com,3,1.5
prs458trz.com,3,1.0
psp.sagepub.com,3,1.0
pussysaga.com,3,1.0
cfainstitute.org,3,1.0
12updatenew.upalways.download,3,1.0
zappos.com,3,1.0
px.warbyparker.com,3,1.5
css-tricks.com,3,1.5
googletrends.github.io,3,1.5
thehabitofbeing.com,3,1.5
kantasia.com,3,1.5
partiallyexaminedlife.com,3,1.0
cdn.adtrace.org,3,1.0
laweekly.com,3,3.0
lareviewofbooks.org,3,1.0
attn.com,3,1.5
karfai.logdown.com,3,1.5
ccis.northeastern.edu,3,1.0
pandas.pydata.org,3,1.0
webmd.com,3,1.5
oonasboston.com,3,1.0
plato.stanford.edu,3,1.0
wired.co.uk,3,1.5
thechive.com,3,1.0
magnus.net,2,1.0
magicleap.com,2,1.0
amzn.to,2,1.0
lib.ru,2,2.0
mail.leagueapps.com,2,1.0
isaackarth.com,2,1.0
cs.chromium.org,2,1.0
theallusionist.org,2,1.0
superuser.com,2,1.0
dailymail.co.uk,2,1.0
abglobal.com,2,1.0
10.0.0.2,2,1.0
mackeeperapp.mackeeper.com,2,1.0
tf5lu9ym5n.search.serialssolutions.com,2,1.0
m.facebook.com,2,1.0
tc39.github.io,2,1.0
theparisreview.org,2,2.0
d3js.org,2,1.0
lynchnet.com,2,2.0
luxury.rehabs.com,2,1.0
teenageengineering.com,2,2.0
letssingit.com,2,1.0
jimhoskins.com,2,2.0
jsbin.com,2,2.0
ancestry.com,2,1.0
ctrlpaint.com,2,1.0
lenscrafters.com,2,1.0
act.colorofchange.org,2,1.0
suicidegirls.com,2,1.0
season6gameofthrones.com,2,1.0
aellagirl.tumblr.com,2,1.0
clk.ml-links.com,2,2.0
oola.com,2,1.0
sarmarestaurant.com,2,2.0
openvisconf.com,2,1.0
clickhole.com,2,1.0
clevescene.com,2,1.0
cdn.freefarcy.com,2,1.0
periodpaper.com,2,1.0
cl.ly,2,1.0
play-asia.com,2,2.0
play.google.com,2,1.0
chowhound.com,2,2.0
pocket.co,2,1.0
adafruit.com,2,1.0
readingroom.blogs.nytimes.com,2,1.0
rawstory.com,2,1.0
pps.sagepub.com,2,2.0
productforums.google.com,2,1.0
productpains.com,2,2.0
raven.cam.ac.uk,2,2.0
projectfreetv.im,2,2.0
propublica.org,2,2.0
protractortest.org,2,1.0
rangzenrestaurant.com,2,1.0
qz.com,2,1.0
query.nytimes.com,2,1.0
scikit-learn.org,2,2.0
cnn.com,2,1.0
mbta.com,2,1.0
secure.childrenshospital.org,2,1.0
bzfd.it,2,1.0
mfas3.s3.amazonaws.com,2,2.0
speakeasyelectroswing.bandcamp.com,2,1.0
soundcloud.com,2,1.0
console.hitechtopics.com,2,2.0
motherboard.vice.com,2,1.0
bbc.com,2,1.0
mya.godaddy.com,2,1.0
nathanleclaire.com,2,2.0
coed.com,2,2.0
answers.com,2,1.0
sitepoint.com,2,1.0
singularity.com,2,1.0
simulation-argument.com,2,1.0
news.ycombinator.com,2,1.0
cambridgebicycle.com,2,1.0
signin.aws.amazon.com,2,1.0
sidereel.com,2,1.0
nodejs.org,2,1.0
northeastanimalshelter.org,2,1.0
northeastern.edu,2,1.0
coderwall.com,2,2.0
afterdeadline.blogs.nytimes.com,2,1.0
serve.popads.net,2,1.0
code.google.com,2,1.0
code.angularjs.org,2,1.0
cc.com,2,1.0
interactive.aljazeera.com,2,2.0
kr4.us,2,1.0
wholeearth.com,2,1.0
hortonworks.com,2,1.0
99percentinvisible.org,2,2.0
watch-game-of-thrones-for-free.com,2,1.0
hems.io,2,1.0
avis.com,2,1.0
hipsum.co,2,1.0
hlok.qertewrt.com,2,1.0
huffingtonpost.com,2,2.0
watchseasonline.com,2,1.0
i.dailymail.co.uk,2,1.0
wikihow.com,2,2.0
datascienceweekly.us3.list-manage1.com,2,1.0
tradeadexchange.com,2,1.0
bookrags.com,2,1.0
architecture.hq.datarobot.com,2,2.0
ustream.tv,2,2.0
hbr.org,2,2.0
frenchculturalcenter.org,2,2.0
upload.wikimedia.org,2,1.0
discussions.apple.com,2,1.0
datarobot.signin.aws.amazon.com,2,1.0
flickr.com,2,1.0
google.zendesk.com,2,1.0
25.media.tumblr.com,2,1.0
greatergood.berkeley.edu,2,2.0
greenstreetgrill.com,2,1.0
forms.madisonlogic.com,2,1.0
greyhound.ca,2,1.0
foddy.net,2,1.0
fontawesome.io,2,1.0
guestbox.com,2,1.0
bodaborg.com,2,1.0
hartford.craigslist.org,2,2.0
etsy.com,2,1.0
a2zonline247.com,2,2.0
flask.pocoo.org,2,1.0
dictionary.com,2,1.0
econtact.verizon.com,2,2.0
thump.vice.com,2,1.0
bioethics.umn.edu,2,2.0
abcnews.go.com,2,2.0
i1053.photobucket.com,2,1.0
developers.google.com,2,1.0
imgflip.com,2,2.0
blog.fumankaitori.com,2,1.0
denisdutton.com,2,1.0
funtranslations.com,2,2.0
email.getpocket.com,2,1.0
blogs.wsj.com,2,2.0
yie4zooseif.info,2,2.0
ijl.sagepub.com,2,1.0
dpcted.com,2,2.0
iflscience.com,2,1.0
boston.figmentproject.org,2,1.0
frenchembassyintheus.cmail2.com,2,1.0
frenchlanguage.frenchculture.org,2,2.0
indiewire.com,2,2.0
zomato.com,2,1.0
frozenfeetfilm.com,2,2.0
wsj.com,2,1.0
engadget.com,2,1.0
incurable-ennui.tumblr.com,2,1.0
simonrogers.net,1,1.0
action.aclu.org,1,1.0
webapps.stackexchange.com,1,1.0
blinkboxbooks.com,1,1.0
blogger.com,1,1.0
sciencemag.org,1,1.0
sciencealert.com,1,1.0
sebastianraschka.com,1,1.0
ccis.neu.edu,1,1.0
shorttermrentalsboston.com,1,1.0
ccis.edu,1,1.0
service.quickseep.com,1,1.0
shit-facedshakespeare.us10.list-manage1.com,1,1.0
shit-facedshakespeare.us10.list-manage.com,1,1.0
sharetv.com,1,1.0
shakespeare.mit.edu,1,1.0
2ality.com,1,1.0
shpg.org,1,1.0
session.wikispaces.com,1,1.0
service.quickseem.com,1,1.0
wcwonline.org,1,1.0
3.bp.blogspot.com,1,1.0
watchcartoononline.com,1,1.0
camtasia.com,1,1.0
wcvb.com,1,1.0
sengifted.org,1,1.0
selection.datavisualization.ch,1,1.0
45.media.tumblr.com,1,1.0
vulture.com,1,1.0
bostoncalling.com,1,1.0
webdesignerwall.com,1,1.0
wunderlist.com,1,1.0
wikiwand.com,1,1.0
bioinformatics.oxfordjournals.org,1,1.0
1984englishblog.wordpress.com,1,1.0
cdn2.omidoo.com,1,1.0
wp.nyu.edu,1,1.0
wpstewart.com,1,1.0
recruit-rgf.com,1,1.0
rebellion.nerdfitness.com,1,1.0
realclearscience.com,1,1.0
wrttn.me,1,1.0
reactiongifs.us,1,1.0
www21.online-convert.com,1,1.0
webtrackerplus.com,1,1.0
xkcd.com,1,1.0
rationalwiki.org,1,1.0
xroads.virginia.edu,1,1.0
xtabia.com,1,1.0
raspberryberet.us,1,1.0
yelp.com,1,1.0
yidio.com,1,1.0
radiolab.org,1,1.0
100sugarbabies.blogspot.com,1,1.0
zipcar.com,1,1.0
charoshane.com,1,1.0
redis.io,1,1.0
refinery29.com,1,1.0
reformation.org,1,1.0
ad.doubleclick.net,1,1.0
samples-help.org.uk,1,1.0
wechargegenocide.org,1,1.0
samkriss.wordpress.com,1,1.0
wekinator.org,1,1.0
salon.com,1,1.0
salespage.flippa.com,1,1.0
wetcanvas.com,1,1.0
s3-us-west-2.amazonaws.com,1,1.0
whalefacts.org,1,1.0
whatismybrowser.com,1,1.0
whisper.sh,1,1.0
blogs.sas.com,1,1.0
rollingstone.com,1,1.0
wiki.python.org,1,1.0
ribbonaroundabomb.files.wordpress.com,1,1.0
cdn.memestache.com,1,1.0
rhodium.io,1,1.0
reviewboard.org,1,1.0
restpatterns.org,1,1.0
wiki.tripsit.me,1,1.0
residentadvisor.net,1,1.0
cdn2-www.afterellen.com,1,1.0
research.googleblog.com,1,1.0
visualisingdata.com,1,0.5
accountmanager.dcu-online.org,1,1.0
skype.com,1,1.0
visual.ly,1,1.0
thedebrief.co.uk,1,1.0
theconcourse.deadspin.com,1,1.0
brainpickings.org,1,1.0
torch.ch,1,1.0
breitbart.com,1,1.0
theatermania.com,1,1.0
theartist.me,1,1.0
travelwednesday.com,1,1.0
the-orbit.net,1,1.0
tv.projectfreetv.so,1,1.0
buffalonews.com,1,1.0
a1.files.biography.com,1,1.0
teropa.info,1,1.0
a-fwd.com,1,1.0
typologycentral.com,1,1.0
tedsider.org,1,1.0
boduch.ca,1,1.0
ugrad.stat.ubc.ca,1,1.0
undefined.adk2x.com,1,1.0
technologyreview.com,1,1.0
techemergence.com,1,1.0
techcrunch.com,1,1.0
teampatent.com,1,1.0
update2new.upnow.xyz,1,1.0
tangierino.com,1,1.0
qizeresearch.wordpress.com,1,1.0
thefreedictionary.com,1,1.0
bradoncode.com,1,1.0
timewellspent.io,1,1.0
think-like-a-git.net,1,1.0
thingofthings.wordpress.com,1,1.0
thoughtcatalog.com,1,1.0
throwawaymail.com,1,1.0
thewrap.com,1,1.0
bostonglobe.com,1,1.0
thevideo.ch,1,1.0
thetoptens.com,1,1.0
bountysource.com,1,1.0
ticket.americanrepertorytheater.org,1,1.0
bpl.org,1,1.0
theoatmeal.com,1,1.0
thehardtimes.net,1,1.0
thenextweb.com,1,1.0
boston.com,1,1.0
booksandjournals.brillonline.com,1,1.0
toddmotto.com,1,1.0
thenextrecession.wordpress.com,1,1.0
themillions.com,1,1.0
toptal.com,1,1.0
tor.com,1,1.0
themacro.com,1,1.0
thelittledataset.com,1,1.0
theinfluence.org,1,1.0
talend.com,1,1.0
upwork.com,1,1.0
9types.com,1,1.0
video.lefigaro.fr,1,1.0
speednetwork1.adk2x.com,1,1.0
sparknotes.com,1,1.0
c1.staticflickr.com,1,1.0
ventsmagazine.com,1,1.0
songpoemmusic.com,1,1.0
verywell.com,1,1.0
software.intel.com,1,1.0
socialresearchmethods.net,1,1.0
6131.xg4ken.com,1,1.0
viddler.com,1,1.0
thinkingmedia.ca,1,1.0
social.rollins.edu,1,1.0
access.funmatrix.net,1,1.0
cache1.asset-cache.net,1,1.0
vignette1.wikia.nocookie.net,1,1.0
smbc-comics.com,1,1.0
smartjava.org,1,1.0
aclweb.org,1,1.0
slavorum.org,1,1.0
vintageadbrowser.com,1,1.0
vis4.net,1,1.0
slate.trib.al,1,1.0
slate.me,1,1.0
bearbrowse.com,1,1.0
varianceexplained.org,1,1.0
abundance.org,1,1.0
burningbridgepgh.org,1,1.0
stereonightclub.net,1,1.0
about.gitlab.com,1,1.0
swirlstats.com,1,1.0
support.pkdcure.org,1,1.0
urbanspoon.com,1,1.0
urllib3.readthedocs.io,1,1.0
urllib3.readthedocs.org,1,1.0
sueellenwelfonderauthor.files.wordpress.com,1,1.0
sublimetext.com,1,1.0
studiodradiodurans.com,1,1.0
stilldrinking.org,1,1.0
bloomberg.com,1,0.5
stefanoblack.tumblr.com,1,1.0
abundance.net,1,1.0
beautifulpeople.com,1,1.0
statmath.wu.ac.at,1,1.0
static1.refinery29.com,1,1.0
us2.campaign-archive1.com,1,1.0
stateofthereunion.com,1,1.0
usenix.org,1,1.0
start.sh,1,1.0
starbucks.com,1,1.0
user2015.math.aau.dk,1,1.0
standard.co.uk,1,1.0
stamen.com,1,1.0
queerty.com,1,1.0
atlasofemotions.com,1,1.0
python.org,1,1.0
lettersofnote.com,1,1.0
data.whicdn.com,1,1.0
html5hub.com,1,1.0
hubpages.com,1,1.0
i.chzbgr.com,1,1.0
i.guim.co.uk,1,1.0
data.agaric.com,1,1.0
i.reddituploads.com,1,1.0
i.stack.imgur.com,1,1.0
ia801606.us.archive.org,1,1.0
ibankcoin.com,1,1.0
image.online-convert.com,1,1.0
images.enstarz.com,1,1.0
bang.fit,1,1.0
in-mind.org,1,1.0
in.reuters.com,1,1.0
help.expensify.com,1,1.0
hellogiggles.com,1,1.0
healingcouplesretreats.com,1,1.0
green-wood.com,1,1.0
api.jqueryui.com,1,1.0
gramlove.co,1,1.0
gramlove.com,1,1.0
azfamily.com,1,1.0
bachfantasy.com,1,1.0
gravitysrainbowwebpage.weebly.com,1,1.0
grubhub.com,1,1.0
hdl.handle.net,1,1.0
gstatic.com,1,1.0
hackaday.com,1,1.0
hackmath.net,1,1.0
dataquest.io,1,1.0
harpers.org,1,1.0
bandofcats.com,1,1.0
incestry.com,1,1.0
incidentalcomics.com,1,1.0
indatalabs.com,1,1.0
knowyourmeme.com,1,1.0
karpathy.github.io,1,1.0
katie.dntrx.com,1,1.0
kidsactivitiesblog.com,1,1.0
kiplinger.com,1,1.0
kirankanumuri.blogspot.com,1,1.0
knowledge.wharton.upenn.edu,1,1.0
kramnameloc.com,1,1.0
justingregg.com,1,1.0
cspinet.org,1,1.0
cs.cornell.edu,1,1.0
python-fitbit.readthedocs.org,1,1.0
latimes.com,1,1.0
lcvonhessen.wordpress.com,1,1.0
ldmn.tumblr.com,1,1.0
kafka.org,1,1.0
joshuagallaway.com,1,1.0
independent.co.uk,1,1.0
isanalyze.com,1,1.0
indiegogo.com,1,1.0
ingentaconnect.com,1,1.0
inside-r.org,1,1.0
instructables.com,1,1.0
inter-dimensionalcable.xyz,1,1.0
interesting2links.blogspot.com,1,1.0
ithaca.craigslist.org,1,1.0
cvltnation.com,1,1.0
jacobinmag.com,1,1.0
jamesclear.com,1,1.0
dailydot.com,1,1.0
d3nl3tll74f9uv.cloudfront.net,1,1.0
angularjs.org,1,1.0
jenkins.io,1,1.0
google.fr,1,1.0
goodmenproject.com,1,1.0
apsimulations.com,1,1.0
evangerfireside.files.wordpress.com,1,1.0
english.stackexchange.com,1,1.0
enneagram.net,1,1.0
download.cnet.com,1,1.0
entacreq.info,1,1.0
docs.quantifiedcode.com,1,1.0
eui.eu,1,1.0
ew.com,1,1.0
eng.uber.com,1,1.0
exiteuthanasia.wordpress.com,1,1.0
artsemerson.org,1,1.0
experiencenervana.com,1,1.0
eyewitnesstohistory.com,1,1.0
arstechnica.com,1,1.0
fanmusic.com,1,1.0
engineering.mongodb.com,1,1.0
encyclopedia.com,1,1.0
fastcompany.com,1,1.0
edfringe.com,1,1.0
earlymoderntexts.com,1,1.0
earnthenecklace.com,1,1.0
easycalculation.com,1,1.0
easydefile.com,1,1.0
ebay.com,1,1.0
askubuntu.com,1,1.0
education.guardian.co.uk,1,1.0
artwis.com,1,1.0
ejb.github.io,1,1.0
atlasofwonders.com,1,1.0
elcentroboston.com,1,1.0
elephantwalk.com,1,1.0
emilyinamillion.me,1,1.0
drawdoo.com,1,1.0
farmdev.com,1,1.0
fatiherikli.github.io,1,1.0
dctkfvs9istwk.cloudfront.net,1,1.0
deeplearningpatterns.com,1,1.0
gemeasurement.com,1,1.0
genderandsexuality.as.nyu.edu,1,1.0
geohipster.com,1,1.0
german-films.de,1,1.0
ghostweather.com,1,1.0
defcon.org,1,1.0
deeplearning4j.org,1,1.0
geekinheels.com,1,1.0
gizmo.do,1,1.0
gizmodo.com,1,1.0
globalbigdataconference.com,1,1.0
de.wikipedia.org,1,1.0
go.active.com,1,1.0
go.redirectingat.com,1,1.0
geekwire.com,1,1.0
avatars2.githubusercontent.com,1,1.0
docs.python-requests.org,1,1.0
dionysia.org,1,1.0
firefly.wikia.com,1,1.0
fivefiley.com,1,1.0
arebe.github.io,1,1.0
flavorwire.com,1,1.0
flightaware.com,1,1.0
flowingdata.com,1,1.0
for.tn,1,1.0
autostraddle.com,1,1.0
digitaltrends.com,1,1.0
framesdirect.com,1,1.0
freestreamingfilm.com,1,1.0
frenchembassyintheus.cmail20.com,1,1.0
digiday.com,1,1.0
fusion.net,1,1.0
legends2k.github.io,1,1.0
betabrand.com,1,1.0
lgtm.co,1,1.0
ohlala.com,1,1.0
oauth-redirector.services.greenhouse.io,1,1.0
obitsforlife.com,1,1.0
obittree.com,1,1.0
obsso.dcu-online.org,1,1.0
oddballstocks.com,1,1.0
offer.alibaba.com,1,1.0
e-hentai.org,1,1.0
nydailynews.com,1,1.0
onion.com,1,1.0
online-convert.com,1,1.0
online-literature.com,1,1.0
onlinemictest.com,1,1.0
open.spotify.com,1,1.0
openculture.com,1,1.0
nyu.edu,1,1.0
nycpornfilmfest.com,1,1.0
orderyoni.com,1,1.0
niemanlab.org,1,1.0
news.mit.edu,1,1.0
news.vice.com,1,1.0
critical-theory.com,1,1.0
aidersonprochain.com,1,1.0
codeshare.io,1,1.0
ng-learn.org,1,1.0
now.howstuffworks.com,1,1.0
nycarthur.com,1,1.0
nownovel.com,1,1.0
codepen.io,1,1.0
npmjs.com,1,1.0
ahiruzone.com,1,1.0
nyas.org,1,1.0
nybooks.com,1,1.0
ae.com,1,1.0
orthodoxytoday.org,1,1.0
newlondon.craigslist.org,1,1.0
adapalmer.com,1,1.0
politicususa.com,1,1.0
pomodororestaurants.com,1,1.0
popily.com,1,1.0
popped.biz,1,1.0
princeton.edu,1,1.0
programmers.stackexchange.com,1,1.0
proxy.topixcdn.com,1,1.0
poets.org,1,1.0
psychology.stanford.edu,1,1.0
chilleesys.com,1,1.0
cheeaun.github.io,1,1.0
pypi.python.org,1,1.0
pytest.org,1,1.0
checkupdown.com,1,1.0
pokemon.com,1,1.0
chocolatedelicacy.com,1,1.0
ourhealth.com,1,1.0
pastebin.com,1,1.0
click.alibaba.com,1,1.0
class.coursera.org,1,1.0
papers.ssrn.com,1,1.0
papers.tinbergen.nl,1,1.0
adultswim.com,1,1.0
pass-thru-film.com,1,1.0
adspaces.ero-advertising.com,1,1.0
pinknews.co.uk,1,1.0
penguin.com,1,1.0
petapixel.com,1,1.0
philosophicaldisquisitions.blogspot.com,1,1.0
philosophy.uncc.edu,1,1.0
philxmilstein.com,1,1.0
clarknikdelpowell.com,1,1.0
alignedleft.com,1,1.0
alicekeeler.com,1,1.0
networkscienceinstitute.org,1,1.0
lyricsontop.com,1,1.0
allrecipes.com,1,1.0
meredithaz.images.worldnow.com,1,1.0
mentalhelp.net,1,1.0
mentalhealthdaily.com,1,1.0
menacingcloud.com,1,1.0
megaflix.net,1,1.0
bikeforums.net,1,1.0
network.adsmarket.com,1,1.0
mediamatters.org,1,1.0
media.godaddy.com,1,1.0
media.giphy.com,1,1.0
medgadget.com,1,1.0
mcsweeneys.net,1,1.0
mcs.open.ac.uk,1,1.0
lvdmaaten.github.io,1,1.0
mcmansionhell.tumblr.com,1,1.0
mayoclinic.org,1,1.0
matthewpritchard.co.uk,1,1.0
masslive.com,1,1.0
martinfowler.com,1,1.0
markosiandotnet.files.wordpress.com,1,1.0
marieclaire.com,1,1.0
lwtlaw.com,1,1.0
makeuseof.com,1,1.0
makandracards.com,1,1.0
mail01.tinyletterapp.com,1,1.0
americanliterature.com,1,1.0
mail-attachment.googleusercontent.com,1,1.0
machare-art.com,1,1.0
metrocosm.com,1,1.0
luxiyalu.com,1,1.0
mfviz.com,1,1.0
creativereview.co.uk,1,1.0
nesn.com,1,1.0
andrew.gibiansky.com,1,1.0
nervoushorse.com,1,1.0
lisacharlotterost.github.io,1,1.0
nationaleatingdisorders.org,1,1.0
nashuaeye.com,1,1.0
livestrong.com,1,1.0
nahdp.voluumtrk.com,1,1.0
nahdp.redirectvoluum.com,1,1.0
loa.org,1,1.0
loathingbioethics.blogspot.com,1,1.0
cooking.nytimes.com,1,1.0
collectorsweekly.com,1,1.0
americanrepertorytheater.org,1,1.0
mookseandgripes.com,1,1.0
mobile.nytimes.com,1,1.0
conversationalreading.com,1,1.0
lp.baboom.audio,1,1.0
mollycrabapple.com,1,1.0
complex.com,1,1.0
money.cnn.com,1,1.0
morethantwo.com,1,1.0
moviefone.com,1,1.0
complice.co,1,1.0
longoverdue.tumblr.com,1,1.0
mucinex.com,1,1.0
m.reddit.com,1,1.0
10.20.53.82,0,0.0
polygraph.cool,0,0.0
textvis.lnu.se,0,0.0
stat.columbia.edu,0,0.0
jenkins.docs.hq.datarobot.com,0,0.0
philogb.github.io,0,0.0
rpsychologist.com,0,0.0
blockbuilder.org,0,0.0
trello.com,0,0.0
destroyallsoftware.com,0,0.0
udacity.com,0,0.0
archive.oreilly.com,0,0.0
gitxiv.com,0,0.0
ui-library.deis.dev.hq.datarobot.com,0,0.0
slayageonline.com,0,0.0
alexander-lex.net,0,0.0
siliconangle.com,0,0.0
datatau.com,0,0.0
datasets.co,0,0.0
andrewgelman.com,0,0.0
